https://www.instagram.com/p/BsXcKkLBLKu/,
https://www.instagram.com/p/BsXYAo-hRmw/,
https://www.instagram.com/p/BsXbELGgq6B/,
https://www.instagram.com/p/BsXcKW_FY8I/,
https://www.instagram.com/p/BsW9At1lCEN/,
https://www.instagram.com/p/BsXbB8vhDJt/,
https://www.instagram.com/p/BsXa9M0lkZH/,
https://www.instagram.com/p/BsUpdAyHD_N/,
https://www.instagram.com/p/BsXbWK3lR37/,
https://www.instagram.com/p/BsXbtRJAD-q/,
https://www.instagram.com/p/BsXbKNngvSK/,
https://www.instagram.com/p/BsWPgQRHdCz/,
https://www.instagram.com/p/BsXcBQvFGDl/,
https://www.instagram.com/p/BsXLdrsB0hU/,
https://www.instagram.com/p/BsXbr-wgMHU/,
https://www.instagram.com/p/BsXa2z3hrJs/,
https://www.instagram.com/p/BsXbi2BAEVx/,
https://www.instagram.com/p/BsWgjcFA1P-/,
https://www.instagram.com/p/BsXb38bFWkS/,
https://www.instagram.com/p/BsXa7IOlsTm/,
https://www.instagram.com/p/BsXcOnfnzih/,
https://www.instagram.com/p/BsXax8ugIgq/,
https://www.instagram.com/p/BsXa7_9BMhp/,
https://www.instagram.com/p/BsXcHYnDngF/,
https://www.instagram.com/p/BsXa4-ADjkF/,
https://www.instagram.com/p/BsXbZ2UAKPp/,
https://www.instagram.com/p/BsXa4WBg2sQ/,
https://www.instagram.com/p/BsXb-CoggAN/,
https://www.instagram.com/p/BsXcJuOj3hQ/,
https://www.instagram.com/p/BsXbIkegFK_/,
https://www.instagram.com/p/BsXbkChAc9y/,
https://www.instagram.com/p/BsXbC-entNY/,
https://www.instagram.com/p/BsXb-HvFUuF/,
https://www.instagram.com/p/BsXb3IznuOH/,
https://www.instagram.com/p/BsXbESSjXDv/,
https://www.instagram.com/p/BsXa1evHKKB/,
https://www.instagram.com/p/BsXbh9-AT0D/,
https://www.instagram.com/p/BsXbYxnAK6t/,
https://www.instagram.com/p/BsXcQEfDp7V/,
https://www.instagram.com/p/BsXcL5zjMEF/,
https://www.instagram.com/p/BqyasxZjeRZ/,
https://www.instagram.com/p/BsV2hUfnfdo/,
https://www.instagram.com/p/BsXbHpuBRj4/,
https://www.instagram.com/p/BsXa-iGDkbq/,
https://www.instagram.com/p/BsXbu01A580/,
https://www.instagram.com/p/BsXb10Wgrx6/,
https://www.instagram.com/p/BsXbMU5DxwU/,
https://www.instagram.com/p/BsXbjqIgjU5/,
https://www.instagram.com/p/BsXb9K7g5-u/,
https://www.instagram.com/p/BsXbwBIAtLU/,
https://www.instagram.com/p/BsVhlYIFVC0/,
https://www.instagram.com/p/BsXKk2vlhx9/,
https://www.instagram.com/p/BsV7OX2Fdi0/,
https://www.instagram.com/p/BsXbAwXAwTK/,
https://www.instagram.com/p/BsXcRaCnWjo/,
https://www.instagram.com/p/BsWgH2kgfxt/,
https://www.instagram.com/p/BsXb-U5gkzL/,
https://www.instagram.com/p/BsXcKcRAAuT/,
https://www.instagram.com/p/BsXcMcVgx8v/,
https://www.instagram.com/p/BsXbhjagtv3/,
https://www.instagram.com/p/BsWu-hgHiwJ/,
https://www.instagram.com/p/BsXbZmKghLs/,
https://www.instagram.com/p/BsXbNrAABLT/,
https://www.instagram.com/p/BsXbRVDH5Jp/,
https://www.instagram.com/p/BsXcElIgBgu/,
https://www.instagram.com/p/BsXbVRWFCBy/,
https://www.instagram.com/p/BsXcBB-gWdo/,
https://www.instagram.com/p/BsXbziUl2my/,
https://www.instagram.com/p/BsXbrPAAqwp/,
https://www.instagram.com/p/BsXa7qvnJMF/,
https://www.instagram.com/p/BsXa63shcEj/,
https://www.instagram.com/p/BsXb0LvDyhd/,
https://www.instagram.com/p/BsXa7XCjftg/,
https://www.instagram.com/p/BsXb_PsgVVv/,
https://www.instagram.com/p/BsXcIvalLgS/,
https://www.instagram.com/p/BsXa5P5gu1Y/,
https://www.instagram.com/p/BsVNwPMn50u/,
https://www.instagram.com/p/BsXcNFvHNgZ/,
https://www.instagram.com/p/BsXbE9anvbL/,
https://www.instagram.com/p/BsXboKzH0zZ/,
https://www.instagram.com/p/BsXbosYgC3l/,
https://www.instagram.com/p/BsXb3qnn9VO/,
https://www.instagram.com/p/BsXbcdOn4N2/,
https://www.instagram.com/p/BsXbAQkAWm3/,
https://www.instagram.com/p/BsXb5NjAHdJ/,
https://www.instagram.com/p/BsXbMjCBKyA/,
https://www.instagram.com/p/BsXbVX4ABqf/,
https://www.instagram.com/p/BsXa_h4nrNK/,
https://www.instagram.com/p/BsXbrlOBnt9/,
https://www.instagram.com/p/BsWYLfchOWd/,
https://www.instagram.com/p/BsXbLxsh1G9/,
https://www.instagram.com/p/BsXbEJMHio9/,
https://www.instagram.com/p/BsXa-NigP1Q/,
https://www.instagram.com/p/BsXbTPwldF7/,
https://www.instagram.com/p/BsXbkPShipq/,
https://www.instagram.com/p/BsXa6B6n0HL/,
https://www.instagram.com/p/BsXbtVDhEYj/,
https://www.instagram.com/p/BsXbL18F7ie/,
https://www.instagram.com/p/BsXbFqWhqny/,
https://www.instagram.com/p/BsXa2wpllqd/,
https://www.instagram.com/p/BsXcCxkAE4-/,
https://www.instagram.com/p/BsXbUw1nchT/,
https://www.instagram.com/p/BsXa9JrHwKx/,
https://www.instagram.com/p/BsXa_X7jpHs/,
https://www.instagram.com/p/BsXcGakAAFw/,
https://www.instagram.com/p/BsXbT1xn15S/,
https://www.instagram.com/p/BsXbmsChCJl/,
https://www.instagram.com/p/BsXa5IKn5Vx/,
https://www.instagram.com/p/BsXbVJel9MM/,
https://www.instagram.com/p/BsXbBBABZ9F/,
https://www.instagram.com/p/BsXazSnj3e6/,
https://www.instagram.com/p/BsXcOf6lm2W/,
https://www.instagram.com/p/BsXb2dDhH9q/,
https://www.instagram.com/p/BsXbnFRDI7p/,
https://www.instagram.com/p/BsXbXOAgboK/,
https://www.instagram.com/p/BsXa53GgGWx/,
https://www.instagram.com/p/BsXb22oBmIL/,
https://www.instagram.com/p/BsXcKqpj-mz/,
https://www.instagram.com/p/BsXbxNGgjth/,
https://www.instagram.com/p/BsXbXLGHmFL/,
https://www.instagram.com/p/BsXb4KJA1Oj/,
https://www.instagram.com/p/BsXb2c-Bh3C/,
https://www.instagram.com/p/BsXbKZqgFXt/,
https://www.instagram.com/p/BsXbdoTlw8E/,
https://www.instagram.com/p/BrB--w5F4e2/,
https://www.instagram.com/p/BsXcKykgmfy/,
https://www.instagram.com/p/BsXDR9bA-4h/,
https://www.instagram.com/p/BsXa36KA-Ml/,
https://www.instagram.com/p/BsXcDEiBhM3/,
https://www.instagram.com/p/BsXb2afgsho/,
https://www.instagram.com/p/BsXbgntgKND/,
https://www.instagram.com/p/BsXbfM3jsbH/,
https://www.instagram.com/p/BsXb_QdHrEZ/,
https://www.instagram.com/p/BOeTv7gAaLW/,
https://www.instagram.com/p/BsXbr6FlhqU/,
https://www.instagram.com/p/BsXbx2bgNws/,
https://www.instagram.com/p/BsXcBRDgKIr/,
https://www.instagram.com/p/BsXcOKNgcjv/,
https://www.instagram.com/p/BsXbEOynFbw/,
https://www.instagram.com/p/BsXa1YkjezS/,
https://www.instagram.com/p/BsW018QnFiS/,
https://www.instagram.com/p/BrB_wI5lG-g/,
https://www.instagram.com/p/BsXcSCbDq_3/,
https://www.instagram.com/p/BsXbjjPFn-2/,
https://www.instagram.com/p/BsXb6xYgxTk/,
https://www.instagram.com/p/BsVMn6eFyXN/,
https://www.instagram.com/p/BsXbAahj8dm/,
https://www.instagram.com/p/BsXcMFGAbNr/,
https://www.instagram.com/p/BsXcVYPFPfq/,
https://www.instagram.com/p/BsXb_GxlpzF/,
https://www.instagram.com/p/BsXbd-iFSqV/,
https://www.instagram.com/p/BsXa6T1FJNw/,
https://www.instagram.com/p/BsXcALlDDW3/,
