https://www.instagram.com/p/BsXWqtzH0-s/,
https://www.instagram.com/p/BsXepyGBjHr/,
https://www.instagram.com/p/BsXfZzSB2IW/,
https://www.instagram.com/p/BsXfiLXhDIO/,
https://www.instagram.com/p/BsXgBTQDZip/,
https://www.instagram.com/p/BsXezP3hPrl/,
https://www.instagram.com/p/BsXeiEmAxLI/,
https://www.instagram.com/p/BsXgRjwhT-c/,
https://www.instagram.com/p/BsXf3rXjyhV/,
https://www.instagram.com/p/BsXfR91AV95/,
https://www.instagram.com/p/BsXeVs-liIf/,
https://www.instagram.com/p/BhrwcHiAxGQ/,
https://www.instagram.com/p/BsXekjuFZUa/,
https://www.instagram.com/p/BsXgIYnFFYu/,
https://www.instagram.com/p/BsXfcGRBrJp/,
https://www.instagram.com/p/BsXeiNEl52E/,
https://www.instagram.com/p/BsXe8qQhJQ3/,
https://www.instagram.com/p/BsXejJLjFnK/,
https://www.instagram.com/p/BsTvqnBH6Nc/,
https://www.instagram.com/p/BsXfWXXHzIC/,
https://www.instagram.com/p/BsXertsDD01/,
https://www.instagram.com/p/BsXejsoFvGV/,
https://www.instagram.com/p/BsXe3oWg4LF/,
https://www.instagram.com/p/BsXev3ml35h/,
https://www.instagram.com/p/BsXfFcFFARZ/,
https://www.instagram.com/p/BsF1J3_gprI/,
https://www.instagram.com/p/BsXfWYBjM65/,
https://www.instagram.com/p/BsXfKLRHekh/,
https://www.instagram.com/p/BsW9At1lCEN/,
https://www.instagram.com/p/BsXgJsfARoO/,
https://www.instagram.com/p/BsXe9pGhKk8/,
https://www.instagram.com/p/BsXfG9EnWGX/,
https://www.instagram.com/p/BsXf8f0nFQ5/,
https://www.instagram.com/p/BsXgQSkA20c/,
https://www.instagram.com/p/BsXgWmbBIdg/,
https://www.instagram.com/p/BsXfnOaB0-G/,
https://www.instagram.com/p/BsXftUYHOzS/,
https://www.instagram.com/p/BsXfx82Fzjj/,
https://www.instagram.com/p/BsXfn8SBwIC/,
https://www.instagram.com/p/BsXf6LDFStZ/,
https://www.instagram.com/p/BsXefp7HJvV/,
https://www.instagram.com/p/BsXfFK3gd7M/,
https://www.instagram.com/p/BsXgJyzAhHW/,
https://www.instagram.com/p/BsXgAa1DZoF/,
https://www.instagram.com/p/BsXfb6Gh2tB/,
https://www.instagram.com/p/BsXfpfBBKzb/,
https://www.instagram.com/p/BsXe_zzl4L2/,
https://www.instagram.com/p/BsXc62sHkut/,
https://www.instagram.com/p/BsXeXTIgBav/,
https://www.instagram.com/p/BsV7OX2Fdi0/,
https://www.instagram.com/p/BsXgNDSnKKG/,
https://www.instagram.com/p/BsXUVSnADok/,
https://www.instagram.com/p/BsXLdrsB0hU/,
https://www.instagram.com/p/BsXe8U_nwfv/,
https://www.instagram.com/p/BUYYsI9lxXn/,
https://www.instagram.com/p/BsXgO7rlKAG/,
https://www.instagram.com/p/BsXfKb6gjcr/,
https://www.instagram.com/p/BsXgCMillsr/,
https://www.instagram.com/p/BsXfuufHf_o/,
https://www.instagram.com/p/BsXecyknM-b/,
https://www.instagram.com/p/BsXf1IbDWil/,
https://www.instagram.com/p/BsXfqtzgupF/,
https://www.instagram.com/p/BsXe9ClAL1v/,
https://www.instagram.com/p/BsXenZgB936/,
https://www.instagram.com/p/BsXfnVzB03C/,
https://www.instagram.com/p/BsXea9HBu3A/,
https://www.instagram.com/p/BsXgH0qDOPH/,
https://www.instagram.com/p/BsXgEUYBhb7/,
https://www.instagram.com/p/BsXgNNMAEwq/,
https://www.instagram.com/p/BsXfGYKBfuY/,
https://www.instagram.com/p/BsXgDdfg9Sv/,
https://www.instagram.com/p/BsXezH-DH0M/,
https://www.instagram.com/p/BsXeyQVgbjm/,
https://www.instagram.com/p/BsXfsZ8jILR/,
https://www.instagram.com/p/BsXfGX4h16N/,
https://www.instagram.com/p/BsXfw36DBca/,
https://www.instagram.com/p/BsXgFtllAst/,
https://www.instagram.com/p/BoH61m_HRGi/,
https://www.instagram.com/p/BsXfViVn9GZ/,
https://www.instagram.com/p/BsXeeO6lN8R/,
https://www.instagram.com/p/BsXfaoohhQS/,
https://www.instagram.com/p/BsXf4_qgATU/,
https://www.instagram.com/p/BsXfYDfAwlv/,
https://www.instagram.com/p/BsXfaMKAtgm/,
https://www.instagram.com/p/BsXfh6PBfvd/,
https://www.instagram.com/p/BsXfGydHnOF/,
https://www.instagram.com/p/BsXfe0ODLsg/,
https://www.instagram.com/p/BsWS3nxgPbB/,
https://www.instagram.com/p/BsXegt9BEzv/,
https://www.instagram.com/p/BsP-RJ3FhQa/,
https://www.instagram.com/p/BsXesYmHTxc/,
https://www.instagram.com/p/BsXejf2FT7I/,
https://www.instagram.com/p/BsW8qMxAPYs/,
https://www.instagram.com/p/BsXd-LQA0_V/,
https://www.instagram.com/p/BsXf8otFhdo/,
https://www.instagram.com/p/BsXfwzAhzaW/,
https://www.instagram.com/p/BsXfVYxg_-z/,
https://www.instagram.com/p/BsXeUHvhTjw/,
https://www.instagram.com/p/BsXfaYzA3fM/,
https://www.instagram.com/p/BsXeykDl0kQ/,
https://www.instagram.com/p/BsXgNMuA-_y/,
https://www.instagram.com/p/BsXem28HyIj/,
https://www.instagram.com/p/BsXeWhNgNV9/,
https://www.instagram.com/p/BsXezl4F2gF/,
https://www.instagram.com/p/BsXe5o9AEqn/,
https://www.instagram.com/p/BsXfv0ugIfl/,
https://www.instagram.com/p/BsXgBYSAtty/,
https://www.instagram.com/p/BsXe3xyhxkI/,
https://www.instagram.com/p/BsXfLeYnkgO/,
https://www.instagram.com/p/BsXesY1nRYy/,
https://www.instagram.com/p/BsXfuu-H2EH/,
https://www.instagram.com/p/BsXfVhUjpmg/,
https://www.instagram.com/p/BsXfjirAA6d/,
https://www.instagram.com/p/BsXedYwhiFW/,
https://www.instagram.com/p/BsXgVR4glub/,
https://www.instagram.com/p/BsXexWVl2Qm/,
https://www.instagram.com/p/BsXgJ8_AqCu/,
https://www.instagram.com/p/BsXgETuBTYU/,
https://www.instagram.com/p/BsXfxH4gO1P/,
https://www.instagram.com/p/BsXgABHnXyQ/,
https://www.instagram.com/p/BsXfP2LAruU/,
https://www.instagram.com/p/BsXe96MF6Xr/,
https://www.instagram.com/p/BsXfCkuDkj6/,
https://www.instagram.com/p/BsXgGMNA-PR/,
https://www.instagram.com/p/BsXesrNghil/,
https://www.instagram.com/p/BsXNcokHwrU/,
https://www.instagram.com/p/BsXemmNFWPW/,
https://www.instagram.com/p/BsXf7O7A-90/,
https://www.instagram.com/p/BsXffObhFkz/,
https://www.instagram.com/p/BsXgB5cAyf-/,
https://www.instagram.com/p/BsXgOmvH6ZV/,
https://www.instagram.com/p/BsXfyFznwbq/,
https://www.instagram.com/p/BsXfYv3hf9A/,
https://www.instagram.com/p/BsXewalHUO-/,
https://www.instagram.com/p/BsXfkJHBo3a/,
https://www.instagram.com/p/BsXewhinBBm/,
https://www.instagram.com/p/BsWu-hgHiwJ/,
https://www.instagram.com/p/BsXefxHl7uX/,
https://www.instagram.com/p/BsXecxcF0Ez/,
https://www.instagram.com/p/BsXgUNeBPIR/,
https://www.instagram.com/p/BSaiDB9lqWd/,
https://www.instagram.com/p/BsXfxK-hKps/,
https://www.instagram.com/p/BsXfyhBnW3n/,
https://www.instagram.com/p/BsXe-KYh6BZ/,
https://www.instagram.com/p/BsXevK2Hu13/,
https://www.instagram.com/p/BsXefv8HDt9/,
https://www.instagram.com/p/BsXfA3knaU0/,
https://www.instagram.com/p/BsXgCyPnlC_/,
https://www.instagram.com/p/BsXepxPgtdB/,
https://www.instagram.com/p/BsXdoySBbHQ/,
https://www.instagram.com/p/BsXfiPyBY67/,
https://www.instagram.com/p/BsW6TnblWY1/,
https://www.instagram.com/p/BsXftbzh0iR/,
https://www.instagram.com/p/BsXe0PgnKgn/,
https://www.instagram.com/p/BsXeelDgh5w/,
https://www.instagram.com/p/BsXfbmFhNoI/,
https://www.instagram.com/p/BsXfbm9naRn/,
https://www.instagram.com/p/BsXgQTGFzFK/,
https://www.instagram.com/p/BsXfgH6AAc6/,
https://www.instagram.com/p/BsXfiqIh0Mu/,
https://www.instagram.com/p/BsXfXhqhLjU/,
https://www.instagram.com/p/BsXebcjFri4/,
https://www.instagram.com/p/BsXgAJdB0X3/,
https://www.instagram.com/p/BsXfmDwAgOF/,
