https://www.instagram.com/p/BsiGD9Ph7o8/,
https://www.instagram.com/p/BsiJuwqhOV-/,
https://www.instagram.com/p/BsiR_0jg2lN/,
https://www.instagram.com/p/BsiXgM3HGi7/,
https://www.instagram.com/p/Bsff5Q8HvqR/,
https://www.instagram.com/p/BsiJextFU9q/,
https://www.instagram.com/p/BsiXd0WgobM/,
https://www.instagram.com/p/BsiXmkzAnVj/,
https://www.instagram.com/p/BsiXjHVhGrL/,
https://www.instagram.com/p/BsiXjD0lQ8X/,
https://www.instagram.com/p/BsiXTIOnw19/,
https://www.instagram.com/p/BrmzfUGgYM5/,
https://www.instagram.com/p/BsiTaZnnpDV/,
https://www.instagram.com/p/BsgygLHHMe2/,
https://www.instagram.com/p/BsiOEoIlJVM/,
https://www.instagram.com/p/BsiXYDbl5aB/,
https://www.instagram.com/p/BsiXNAWBRI4/,
https://www.instagram.com/p/BsiXbyegUAq/,
https://www.instagram.com/p/Bsh539Bj8Rn/,
https://www.instagram.com/p/BsiXZSqhnwH/,
https://www.instagram.com/p/BsiXWcqhENd/,
https://www.instagram.com/p/BsiXcYVHjq-/,
https://www.instagram.com/p/BsiXhQoAfh1/,
https://www.instagram.com/p/BsiXZTAho-y/,
https://www.instagram.com/p/BsiXlb6nnsC/,
https://www.instagram.com/p/BsiXWvNBFB4/,
https://www.instagram.com/p/BsiXbt-ha6O/,
https://www.instagram.com/p/BsiXmYUhCgx/,
https://www.instagram.com/p/BsiXloMgArE/,
https://www.instagram.com/p/BsiXpNYBZ6k/,
https://www.instagram.com/p/BsiWxQOltd9/,
https://www.instagram.com/p/BsiXfPjgj_e/,
https://www.instagram.com/p/BsiXe3phzz8/,
https://www.instagram.com/p/BsiXiinF40q/,
https://www.instagram.com/p/BsiXkEUFvBv/,
https://www.instagram.com/p/BsiXaRuhTxt/,
https://www.instagram.com/p/BsiXVtJlDKF/,
https://www.instagram.com/p/BsiXWkgFRG9/,
https://www.instagram.com/p/BsiXm2QHLMv/,
https://www.instagram.com/p/BsiW8jGn_N_/,
https://www.instagram.com/p/BsiInwxDAoD/,
https://www.instagram.com/p/BsiXpWIFSfv/,
https://www.instagram.com/p/BsiXeQ1A3-o/,
https://www.instagram.com/p/BsiXIwjlJ80/,
https://www.instagram.com/p/BsiXIdRA83l/,
https://www.instagram.com/p/BsiXl1yhJq7/,
https://www.instagram.com/p/BsiXe97jCJ_/,
https://www.instagram.com/p/BsiXjrkB9nc/,
https://www.instagram.com/p/BseugciH0N3/,
https://www.instagram.com/p/BsiXT55BA61/,
https://www.instagram.com/p/BraB-QlgX3I/,
https://www.instagram.com/p/BrgODq5g01A/,
https://www.instagram.com/p/BsiXc0Onhd5/,
https://www.instagram.com/p/BsiXZGXnCs5/,
https://www.instagram.com/p/BsiXeE1ByOl/,
https://www.instagram.com/p/BsiXnS8HIbl/,
https://www.instagram.com/p/BsiXRczBb-w/,
https://www.instagram.com/p/BsiXlyZBtYG/,
https://www.instagram.com/p/BsiXksRgqjO/,
https://www.instagram.com/p/BsiXeCIAy_7/,
https://www.instagram.com/p/BsiXlLDhN2n/,
https://www.instagram.com/p/BsiXdzIHIPT/,
https://www.instagram.com/p/BsiXiypHLF9/,
https://www.instagram.com/p/BsiXaS9gx1e/,
https://www.instagram.com/p/BsiXb2sBQTQ/,
https://www.instagram.com/p/BsiXbUKBNES/,
https://www.instagram.com/p/BsiXdtzlhMq/,
https://www.instagram.com/p/BsiXmAPnz1r/,
https://www.instagram.com/p/BsiXX6GBG1d/,
https://www.instagram.com/p/BsiXeoAHuVh/,
https://www.instagram.com/p/BsiXhkwhlpT/,
https://www.instagram.com/p/BsiXkq3BRYd/,
https://www.instagram.com/p/BsevH-ZHVvV/,
https://www.instagram.com/p/BsiXaBlnLTE/,
https://www.instagram.com/p/BsiXgEHnWV5/,
https://www.instagram.com/p/BsiXZxTBWoe/,
https://www.instagram.com/p/BsiXlcInPqs/,
https://www.instagram.com/p/BsiN7BrDhLx/,
https://www.instagram.com/p/BsiXkwaHEGA/,
https://www.instagram.com/p/BsiXh-ygDPX/,
https://www.instagram.com/p/Bsh2e-LhaAD/,
https://www.instagram.com/p/BsiXPljDo6N/,
https://www.instagram.com/p/BsiXomagAMg/,
https://www.instagram.com/p/BnxZqO1h_uf/,
https://www.instagram.com/p/BsiIFUlnWbc/,
https://www.instagram.com/p/Bn0cNGsFWAR/,
https://www.instagram.com/p/BsfIgwnnpG6/,
https://www.instagram.com/p/BsiXY9Yh1Is/,
https://www.instagram.com/p/BsiXOtmnJ-o/,
https://www.instagram.com/p/BsiXgIRjOxD/,
https://www.instagram.com/p/BsiXLX6gMHM/,
https://www.instagram.com/p/BsiXbj4Fp-s/,
https://www.instagram.com/p/BsiXnsShoNL/,
https://www.instagram.com/p/BsiXdtehHus/,
https://www.instagram.com/p/BsiXpk3g0eL/,
https://www.instagram.com/p/BsiETMuD66K/,
https://www.instagram.com/p/BsiXbR7DaAy/,
https://www.instagram.com/p/BshDpuLgCcD/,
https://www.instagram.com/p/BsiWa1rHTIK/,
https://www.instagram.com/p/BsiXn4SBvDv/,
https://www.instagram.com/p/BsiXi27FV_X/,
https://www.instagram.com/p/BsiXfMthc8T/,
https://www.instagram.com/p/BsiXfd5hMKj/,
https://www.instagram.com/p/BsiXW4BFddU/,
https://www.instagram.com/p/BsiXmIIlMNT/,
https://www.instagram.com/p/BseXmZQn6JE/,
https://www.instagram.com/p/BsiXm-7Ab-9/,
https://www.instagram.com/p/Bnx9cg8lO30/,
https://www.instagram.com/p/BsiXhz-Al1y/,
https://www.instagram.com/p/BsiXXmRAy6c/,
https://www.instagram.com/p/BsfjLPwHhFp/,
https://www.instagram.com/p/BsiXdScjfJl/,
https://www.instagram.com/p/BsiXG7tAjmX/,
https://www.instagram.com/p/BsiXphMgc92/,
https://www.instagram.com/p/BsiXiFLllEQ/,
https://www.instagram.com/p/BsN0gnAhwt7/,
https://www.instagram.com/p/BXhAd4tFDm9/,
https://www.instagram.com/p/BsiXYDolWUY/,
https://www.instagram.com/p/BsgGReoFEBv/,
https://www.instagram.com/p/BsiXmcShUbe/,
https://www.instagram.com/p/BnxZjlHlJxj/,
https://www.instagram.com/p/BsiXB1ug7sM/,
https://www.instagram.com/p/BsiXbjGjK3T/,
https://www.instagram.com/p/BOSoevyFZKr/,
https://www.instagram.com/p/BsiXRezg4ab/,
https://www.instagram.com/p/BsiXOJxHQUT/,
https://www.instagram.com/p/Bshc3qPDRay/,
https://www.instagram.com/p/BsiXg2pHB3E/,
https://www.instagram.com/p/BsiXMwRAJ_9/,
https://www.instagram.com/p/BsiXgGPhjFO/,
https://www.instagram.com/p/BsiXjfVAzr_/,
https://www.instagram.com/p/Bsh9BnxDenD/,
https://www.instagram.com/p/BsiXGGKA2IY/,
https://www.instagram.com/p/BsiXaKOgO3G/,
https://www.instagram.com/p/BsbPobYBHGT/,
https://www.instagram.com/p/BsiXOWJAguj/,
https://www.instagram.com/p/BsiXX3PgREE/,
https://www.instagram.com/p/BsiXVMDhGUv/,
https://www.instagram.com/p/BsiXo0ID_mC/,
https://www.instagram.com/p/BsiG-zElSYS/,
https://www.instagram.com/p/Bsemvw7Hyhq/,
https://www.instagram.com/p/Bse_qtTHOcq/,
https://www.instagram.com/p/BsiXnH9jreC/,
https://www.instagram.com/p/BsiXbL6BwB1/,
https://www.instagram.com/p/Bnx6XelF8Bl/,
https://www.instagram.com/p/BsiXmbPla95/,
https://www.instagram.com/p/BsiXm3YD9Zc/,
https://www.instagram.com/p/BsiXYqHnv_y/,
https://www.instagram.com/p/BsiXj95A0m8/,
https://www.instagram.com/p/BsiXd_EFqMW/,
https://www.instagram.com/p/BsfA3dhniUB/,
https://www.instagram.com/p/BsiXb8PgMNa/,
https://www.instagram.com/p/BsiXokLHryq/,
https://www.instagram.com/p/BsiR8PFgXcS/,
https://www.instagram.com/p/Bsgqzbgn6Vd/,
https://www.instagram.com/p/BsiXXWUBaMf/,
https://www.instagram.com/p/BsiXbtsl1K-/,
https://www.instagram.com/p/BsiXV6TnJFx/,
https://www.instagram.com/p/BsiXidABjq_/,
https://www.instagram.com/p/BsiXckHArSs/,
https://www.instagram.com/p/BsiXk96nb6J/,
https://www.instagram.com/p/Bse2SF0nuc7/,
https://www.instagram.com/p/BsiXefOHeG6/,
https://www.instagram.com/p/BrQmYP9gb5N/,
https://www.instagram.com/p/BsiXYQPDRVB/,
