https://www.instagram.com/p/Bsh4wLDF49a/,
https://www.instagram.com/p/BssJxatgBvF/,
https://www.instagram.com/p/Bst466VnP78/,
https://www.instagram.com/p/BswueNogWM1/,
https://www.instagram.com/p/BskWkHhH0G-/,
https://www.instagram.com/p/BsiiM9lgnug/,
https://www.instagram.com/p/BspOB_aH78M/,
https://www.instagram.com/p/Bskt_q4huPb/,
https://www.instagram.com/p/BsvDEHlhcba/,
https://www.instagram.com/p/Bsnwkg0hKMe/,
https://www.instagram.com/p/Bsisknsl9Fp/,
https://www.instagram.com/p/BskPWIHH6_g/,
https://www.instagram.com/p/BsjaN5vBN2E/,
https://www.instagram.com/p/BsuOasJFcDC/,
https://www.instagram.com/p/Bsk8SlZh7N-/,
https://www.instagram.com/p/Bst330NFZON/,
https://www.instagram.com/p/BsmYNAhAOAK/,
https://www.instagram.com/p/BsortW4AMM6/,
https://www.instagram.com/p/BsmUALfAX4v/,
https://www.instagram.com/p/BsnNKCYHlK2/,
https://www.instagram.com/p/BspwrBeHcrF/,
https://www.instagram.com/p/Bsh9bGWl5dP/,
https://www.instagram.com/p/BsmBBKwlpcr/,
https://www.instagram.com/p/Bsum2tCA7ri/,
https://www.instagram.com/p/BskYBiiHlDp/,
https://www.instagram.com/p/BssKcdAHJmS/,
https://www.instagram.com/p/BsnJwudF4Bp/,
https://www.instagram.com/p/Bsm78lBliOc/,
https://www.instagram.com/p/BshbC_HHfyK/,
https://www.instagram.com/p/Bsqynz8FvZW/,
https://www.instagram.com/p/BsmVJfxluAn/,
https://www.instagram.com/p/Bsk8l5XB-DY/,
https://www.instagram.com/p/Bskn7TNHj3l/,
https://www.instagram.com/p/BsuNkLKlmQT/,
https://www.instagram.com/p/BstfBo-gntk/,
https://www.instagram.com/p/BsuM0yllgIq/,
https://www.instagram.com/p/BsvbED2BfLl/,
https://www.instagram.com/p/Bsk-A4bB1t9/,
https://www.instagram.com/p/BshDwfWjR-6/,
https://www.instagram.com/p/BskXEW2HZmu/,
https://www.instagram.com/p/BswrVlwgErC/,
https://www.instagram.com/p/BsmTy-CAdzr/,
https://www.instagram.com/p/BsnTfWugEDL/,
https://www.instagram.com/p/Bsk8z0FhbrE/,
https://www.instagram.com/p/BskY3n3hl6E/,
https://www.instagram.com/p/BsulQXuAwP3/,
https://www.instagram.com/p/BsqRWyqAV8U/,
https://www.instagram.com/p/Bsi4K21lyHW/,
https://www.instagram.com/p/BspxARnH31-/,
https://www.instagram.com/p/Bso6qPqBmni/,
https://www.instagram.com/p/Bsoqjs6An_t/,
https://www.instagram.com/p/BsnCyT7BG6W/,
https://www.instagram.com/p/BsubQQqBA3r/,
https://www.instagram.com/p/BsvbM9jh6eU/,
https://www.instagram.com/p/BsuONHcFoFc/,
https://www.instagram.com/p/BspNuJpHkJ1/,
https://www.instagram.com/p/Bsm0LhdhCae/,
https://www.instagram.com/p/BshUmaQh9jB/,
https://www.instagram.com/p/Bsu4GR7BxNE/,
https://www.instagram.com/p/BskfgT5B045/,
https://www.instagram.com/p/BskYLwWF9Hy/,
https://www.instagram.com/p/BslV2AABHde/,
https://www.instagram.com/p/Bsh41bjlTIf/,
https://www.instagram.com/p/BskDqs1F1t-/,
https://www.instagram.com/p/BstSC7IHgyp/,
https://www.instagram.com/p/BsrntsqB9Ht/,
https://www.instagram.com/p/BsnIsnkDpnr/,
https://www.instagram.com/p/Bsm2HESHEce/,
https://www.instagram.com/p/BspWfQsF4ys/,
https://www.instagram.com/p/BsmzUikhQKM/,
https://www.instagram.com/p/BsiET4VF5kd/,
https://www.instagram.com/p/Bsh_MQeAX79/,
https://www.instagram.com/p/BsmftE-hg_n/,
https://www.instagram.com/p/BskWwqgFLaJ/,
https://www.instagram.com/p/Bshl25CHb9q/,
https://www.instagram.com/p/BsjEiailMLx/,
https://www.instagram.com/p/BskId6HACM5/,
https://www.instagram.com/p/BsiPO8OA9jc/,
https://www.instagram.com/p/BsiFLGwFw2e/,
https://www.instagram.com/p/BstGlEDg5P6/,
https://www.instagram.com/p/BslCZtXh0-r/,
https://www.instagram.com/p/BsncitglPCH/,
https://www.instagram.com/p/BspF0XrH00D/,
https://www.instagram.com/p/BstB0VOh8p9/,
https://www.instagram.com/p/Bsv9HHkH89p/,
https://www.instagram.com/p/Bskrh16hC2C/,
https://www.instagram.com/p/BskWxXCn5ol/,
https://www.instagram.com/p/Bsk1DodF8Ny/,
https://www.instagram.com/p/BsmfWNCB1eX/,
https://www.instagram.com/p/BshdMGkAFDW/,
https://www.instagram.com/p/Bsixs3GFsDM/,
https://www.instagram.com/p/Bspv-xQAoSt/,
https://www.instagram.com/p/Bsm0qi9FH5v/,
https://www.instagram.com/p/BshdFbbHVf4/,
https://www.instagram.com/p/BstxvP4nuo1/,
https://www.instagram.com/p/BsiuoPWFQ5-/,
https://www.instagram.com/p/Bsmfdw7Bgwl/,
https://www.instagram.com/p/Bspv4nFDQ5V/,
https://www.instagram.com/p/Bsnwt_XBDa9/,
https://www.instagram.com/p/Bsm6OsnnXBs/,
https://www.instagram.com/p/BspYA4xgUuu/,
https://www.instagram.com/p/BZ8ys38H172/,
https://www.instagram.com/p/BshZJaJnrag/,
https://www.instagram.com/p/BsmejnzFvVS/,
https://www.instagram.com/p/Bsi3RN_l0l1/,
https://www.instagram.com/p/BspMy19HjYx/,
https://www.instagram.com/p/Bsumad4gApz/,
https://www.instagram.com/p/BrqwC88BvbF/,
https://www.instagram.com/p/Bso6G0ulgqE/,
https://www.instagram.com/p/BsmfHkQh2-c/,
https://www.instagram.com/p/BskW0X_Fppg/,
https://www.instagram.com/p/BshbH8rn3iB/,
https://www.instagram.com/p/Bsj_wAJAHTZ/,
https://www.instagram.com/p/Bsp_iyvlXwq/,
https://www.instagram.com/p/Bsh4n4HnTxn/,
https://www.instagram.com/p/BssRtPgnTs7/,
https://www.instagram.com/p/Bsm0efYhErC/,
https://www.instagram.com/p/BsiDCsSlfPW/,
https://www.instagram.com/p/Bsp-yBGhpl2/,
https://www.instagram.com/p/Bsm8Ns4Fhe1/,
https://www.instagram.com/p/BsvZDSCBXpR/,
https://www.instagram.com/p/BskW51Snajb/,
https://www.instagram.com/p/BshStEbFqUb/,
https://www.instagram.com/p/BssiOJYgCX0/,
https://www.instagram.com/p/Bsi21YXlpTj/,
https://www.instagram.com/p/BssCoHaD9ba/,
https://www.instagram.com/p/BsixU2tF-Bs/,
https://www.instagram.com/p/BsmfbKbBq8B/,
https://www.instagram.com/p/Bsmkyz0hvdp/,
https://www.instagram.com/p/Bsm2mckn-fw/,
https://www.instagram.com/p/Bsh4k1_HM3k/,
https://www.instagram.com/p/BspNf2CH7gw/,
https://www.instagram.com/p/Bsh7WwPlIMB/,
https://www.instagram.com/p/BskWdpznIcD/,
https://www.instagram.com/p/BswL6O1gl-P/,
https://www.instagram.com/p/BsvNl46FBFS/,
https://www.instagram.com/p/BsnwwufBjqj/,
https://www.instagram.com/p/BsuXesbH_HN/,
https://www.instagram.com/p/Bso6tYIFMTw/,
https://www.instagram.com/p/BsmYikUgM_K/,
https://www.instagram.com/p/BspyLctHxMe/,
https://www.instagram.com/p/BsuNLVvlkfm/,
https://www.instagram.com/p/BskW3vGnLCj/,
https://www.instagram.com/p/BrkMCrZnXdp/,
https://www.instagram.com/p/Bsp5c9lg-Qi/,
https://www.instagram.com/p/Bsme8oqBsNB/,
https://www.instagram.com/p/Bsplc-5AnKz/,
https://www.instagram.com/p/BsuNSKWlHzJ/,
https://www.instagram.com/p/BskirhOgx-x/,
https://www.instagram.com/p/BsnqQ4YguBN/,
https://www.instagram.com/p/BsmBGR7lL2Q/,
https://www.instagram.com/p/BrvWB0WhlW0/,
https://www.instagram.com/p/BsnJoYMFcer/,
https://www.instagram.com/p/BsnwdbqB8Gi/,
https://www.instagram.com/p/BsplWGiDSqS/,
https://www.instagram.com/p/Bslzlzlgm6I/,
https://www.instagram.com/p/Bsv7Xb2hQ1X/,
https://www.instagram.com/p/BsgqWqwhMGd/,
https://www.instagram.com/p/Bsv5IqnAX78/,
https://www.instagram.com/p/Bst8oi0n9l7/,
https://www.instagram.com/p/BspP6d0ARDi/,
https://www.instagram.com/p/Bsm8Ujcl6JM/,
https://www.instagram.com/p/Bsi3je3jii9/,
https://www.instagram.com/p/BshZZxyA5VG/,
https://www.instagram.com/p/BsvVaWCg-YE/,
https://www.instagram.com/p/BskRPeKBHAx/,
https://www.instagram.com/p/Bshc3-zn1UW/,
https://www.instagram.com/p/BstIZObHLYD/,
https://www.instagram.com/p/Bssd6oBBc2H/,
https://www.instagram.com/p/BsmGJQAFMHC/,
https://www.instagram.com/p/BsmpTlbFsiX/,
https://www.instagram.com/p/Bso0TZgldy3/,
https://www.instagram.com/p/Bsh4mdiH4MG/,
https://www.instagram.com/p/BsoYTaNlIo4/,
https://www.instagram.com/p/BsuBOI2lwQy/,
https://www.instagram.com/p/BswvZdVFrba/,
https://www.instagram.com/p/BsijlxaFTp4/,
https://www.instagram.com/p/Bsh8EkPFGAC/,
https://www.instagram.com/p/BsuMZOvlCNy/,
https://www.instagram.com/p/Bsk057An9Ym/,
https://www.instagram.com/p/BsoovLAHYc1/,
https://www.instagram.com/p/BspC9XIlTqC/,
https://www.instagram.com/p/BsnMxpynnJJ/,
https://www.instagram.com/p/BsuHERRltpP/,
https://www.instagram.com/p/BskXY5AH68Q/,
https://www.instagram.com/p/BsplnvTARWX/,
https://www.instagram.com/p/BsmxuKvl2Dy/,
https://www.instagram.com/p/BsjQFz8hKYy/,
https://www.instagram.com/p/BslbKjWn0R8/,
https://www.instagram.com/p/Bsu4YFjA4_5/,
https://www.instagram.com/p/BspuNtQHm3H/,
https://www.instagram.com/p/BsjjlTiHeUL/,
https://www.instagram.com/p/BspyFkhldzq/,
https://www.instagram.com/p/BsnCbw8hO9D/,
https://www.instagram.com/p/BskmC54Bl1O/,
https://www.instagram.com/p/BspmQXjgoRL/,
https://www.instagram.com/p/BsuHsDTjwS-/,
https://www.instagram.com/p/Bsiar0-g-8W/,
https://www.instagram.com/p/Bsm2X5NF3GE/,
https://www.instagram.com/p/Bss2N3_B_FA/,
https://www.instagram.com/p/BswunITBueB/,
https://www.instagram.com/p/Bsm6mCxg4Ya/,
https://www.instagram.com/p/BsjHCxSFppa/,
https://www.instagram.com/p/BspxLDRHDiq/,
https://www.instagram.com/p/Bsm2daMHlyA/,
https://www.instagram.com/p/Bsk_Sa3hOxb/,
https://www.instagram.com/p/BskpeM8B10A/,
https://www.instagram.com/p/BskHQJehM6o/,
https://www.instagram.com/p/BshI8O7lIbM/,
https://www.instagram.com/p/BsqNbyEBQws/,
https://www.instagram.com/p/BssDb4NF6Dl/,
https://www.instagram.com/p/Bslw7wPlUD8/,
https://www.instagram.com/p/BsnwuY3g7bk/,
https://www.instagram.com/p/Bsp3ZgbnH_M/,
https://www.instagram.com/p/BsnDB-dh8dd/,
https://www.instagram.com/p/BsrTNrAlOUm/,
https://www.instagram.com/p/BshbGiRjH6I/,
https://www.instagram.com/p/Bsu1JbAg6AX/,
https://www.instagram.com/p/BshV85lHyu4/,
https://www.instagram.com/p/BskCgjHHQnA/,
https://www.instagram.com/p/BshdxdznA1P/,
https://www.instagram.com/p/BshdYCTHPUd/,
https://www.instagram.com/p/BskXJHpnOm2/,
https://www.instagram.com/p/BskTtqgHWW4/,
https://www.instagram.com/p/BsjEpQzFZBY/,
https://www.instagram.com/p/Bssd250HDot/,
https://www.instagram.com/p/BsrHGEcnARG/,
https://www.instagram.com/p/Bsh1FifnQpr/,
https://www.instagram.com/p/BsorlTYll1D/,
https://www.instagram.com/p/Bsq64cuntgZ/,
https://www.instagram.com/p/Bst_35pnGXk/,
https://www.instagram.com/p/Bsp0ZOZD7Fs/,
https://www.instagram.com/p/BsnorRWgI3w/,
https://www.instagram.com/p/BskPwxMFkcl/,
https://www.instagram.com/p/Bsro2UZlQJs/,
https://www.instagram.com/p/BsuG3fXjQWL/,
https://www.instagram.com/p/Bss61YGgdkX/,
https://www.instagram.com/p/BslYOReHqT6/,
https://www.instagram.com/p/BskYD9Rnahi/,
https://www.instagram.com/p/BskOW1YFUDS/,
https://www.instagram.com/p/Bsiy5uHFC7R/,
https://www.instagram.com/p/BsiDZ4cFWKf/,
https://www.instagram.com/p/Bsm8RNmlE30/,
https://www.instagram.com/p/BYn37mFBdjU/,
https://www.instagram.com/p/Bsrv8rZHXFV/,
https://www.instagram.com/p/Bspydu8HV3A/,
https://www.instagram.com/p/BsmjbVahNG3/,
https://www.instagram.com/p/Bsig4jzAWgt/,
https://www.instagram.com/p/BshdCUfnHJZ/,
https://www.instagram.com/p/BskX_JjnMZi/,
https://www.instagram.com/p/Bsq62uwnvpJ/,
https://www.instagram.com/p/BspmWkWgGex/,
https://www.instagram.com/p/Bso8z02g3op/,
https://www.instagram.com/p/Bsm8iPClYkK/,
https://www.instagram.com/p/BsiVB-EHZnH/,
https://www.instagram.com/p/BsiffEElveo/,
https://www.instagram.com/p/BsiyH40nZoc/,
https://www.instagram.com/p/Bsn7j-OhUqt/,
https://www.instagram.com/p/Bsi2ngqF6Hx/,
https://www.instagram.com/p/BsoruJNA6Aq/,
https://www.instagram.com/p/BsrwHNvhV0C/,
https://www.instagram.com/p/BsmfSnqBGh3/,
https://www.instagram.com/p/BsoAoGplLjN/,
https://www.instagram.com/p/Bsutsdqndco/,
https://www.instagram.com/p/BsuPYmYl9W3/,
https://www.instagram.com/p/BspiB0lglQ1/,
https://www.instagram.com/p/BsjEttuFT-V/,
https://www.instagram.com/p/Bst3yZRlQjv/,
https://www.instagram.com/p/BsrgY3vHVBc/,
https://www.instagram.com/p/BsuR45iFGxq/,
https://www.instagram.com/p/Bsh6SNglmJU/,
https://www.instagram.com/p/BsmF7C9ATy4/,
https://www.instagram.com/p/BshbfrsHwyM/,
https://www.instagram.com/p/BsiudnKlrAi/,
https://www.instagram.com/p/Bsh9k8rFX8V/,
https://www.instagram.com/p/BsjEybal7Hv/,
https://www.instagram.com/p/BssQT-PFEbV/,
https://www.instagram.com/p/Bskl53YAnlR/,
https://www.instagram.com/p/BsnUcjolYzD/,
https://www.instagram.com/p/Bsk_Xbjhckr/,
https://www.instagram.com/p/BsipX-Hl3-q/,
https://www.instagram.com/p/BsiS6ugHpET/,
https://www.instagram.com/p/BshZYz4g0m3/,
https://www.instagram.com/p/BssB_t1H1lq/,
https://www.instagram.com/p/BskWYVsHj_G/,
https://www.instagram.com/p/BsmjUfGhVXq/,
https://www.instagram.com/p/BsibNsBgHiM/,
https://www.instagram.com/p/BskSCZ8gv1d/,
https://www.instagram.com/p/BssSplQF9SX/,
https://www.instagram.com/p/Bsh9VOoFch2/,
https://www.instagram.com/p/BsmhPFeBmax/,
https://www.instagram.com/p/BsnhotxlPjk/,
https://www.instagram.com/p/BsnndHiAOyE/,
https://www.instagram.com/p/BshzDgihyZl/,
https://www.instagram.com/p/Bsup_uaAAHZ/,
https://www.instagram.com/p/Bsu6qhvB9PO/,
https://www.instagram.com/p/Bsm3WlKHso0/,
https://www.instagram.com/p/BsuIwn6HaLQ/,
https://www.instagram.com/p/Bsh6ZCMlCub/,
https://www.instagram.com/p/Bsu1T3yhxmb/,
https://www.instagram.com/p/BsuD0Kznn4H/,
https://www.instagram.com/p/Bsk2xA-BaHb/,
https://www.instagram.com/p/BskAH1NlRSQ/,
https://www.instagram.com/p/BsuCGnyn-55/,
https://www.instagram.com/p/BsixpZyF_kp/,
https://www.instagram.com/p/BsntXChgwWR/,
https://www.instagram.com/p/Bsje9HElwUA/,
https://www.instagram.com/p/BskkZaZl0u2/,
https://www.instagram.com/p/BswIvl1gb7y/,
https://www.instagram.com/p/BrunFZEHF0V/,
https://www.instagram.com/p/BskXVmMHrbQ/,
https://www.instagram.com/p/BsixMFWlPmc/,
https://www.instagram.com/p/BsiPdavA2Kr/,
https://www.instagram.com/p/BsuRxzdnuDE/,
https://www.instagram.com/p/Bsm0LDclOhn/,
https://www.instagram.com/p/BsitZdIl09W/,
https://www.instagram.com/p/BshcyTZnwhr/,
https://www.instagram.com/p/BsqywWAlCuU/,
https://www.instagram.com/p/BsmzvO9nY7L/,
https://www.instagram.com/p/BsvrLfPnHEK/,
https://www.instagram.com/p/BsjNNAKgbs8/,
https://www.instagram.com/p/BstbK4rANnP/,
https://www.instagram.com/p/BskNFHPlSeH/,
https://www.instagram.com/p/Bsm3PsYn87k/,
https://www.instagram.com/p/BsiyMU0lWk3/,
https://www.instagram.com/p/Bsi3j50le7T/,
https://www.instagram.com/p/BssVr0shbTo/,
https://www.instagram.com/p/Bsm-CmTF-Cb/,
https://www.instagram.com/p/BsmxlDclqTm/,
https://www.instagram.com/p/Bshk_A1FMi_/,
https://www.instagram.com/p/BsuCS83lT0R/,
https://www.instagram.com/p/Bsm9nstFYg7/,
https://www.instagram.com/p/Bso2TWhBtsJ/,
https://www.instagram.com/p/BskWSqLHjEp/,
https://www.instagram.com/p/BsiOzGygZWn/,
https://www.instagram.com/p/BsksyushThK/,
https://www.instagram.com/p/Bsh6WfGgVsb/,
https://www.instagram.com/p/Bsh4reQF38r/,
https://www.instagram.com/p/BsiuXawl-5V/,
https://www.instagram.com/p/Bsh4nCcFGbb/,
https://www.instagram.com/p/BsnSP71Bv5N/,
https://www.instagram.com/p/BssmdH4gTgV/,
https://www.instagram.com/p/Bsiz_OKldUF/,
https://www.instagram.com/p/BsvFWB5h0-5/,
https://www.instagram.com/p/BshbmsmnQNz/,
https://www.instagram.com/p/Bsrdjk6H33-/,
https://www.instagram.com/p/BsnXLOdljNb/,
https://www.instagram.com/p/BsmfkOmhJaj/,
https://www.instagram.com/p/BswuIx9glfD/,
https://www.instagram.com/p/BstInyOnJok/,
https://www.instagram.com/p/Bsss-IAhA8N/,
https://www.instagram.com/p/BsrlBFBB91j/,
https://www.instagram.com/p/BspLHpclKpO/,
https://www.instagram.com/p/BsoYRanBhHl/,
https://www.instagram.com/p/BslDH6mlhVq/,
https://www.instagram.com/p/BsoZUOUlFtB/,
https://www.instagram.com/p/BsiZIqiAgPc/,
https://www.instagram.com/p/BsiC8rDFALa/,
https://www.instagram.com/p/BsuqmhjH8YM/,
https://www.instagram.com/p/BskAGlbAQSf/,
https://www.instagram.com/p/BslGIOah5OZ/,
https://www.instagram.com/p/BspQY6ogLvI/,
https://www.instagram.com/p/BswCSxvghMj/,
https://www.instagram.com/p/Bsnc52TgaXV/,
https://www.instagram.com/p/BsnTuUrlQaY/,
https://www.instagram.com/p/BssIGSqlqzR/,
https://www.instagram.com/p/BskbAtTnv_m/,
https://www.instagram.com/p/Bshc0NnhV9U/,
https://www.instagram.com/p/BshyqU-hSEH/,
https://www.instagram.com/p/BssmHe4lzDD/,
https://www.instagram.com/p/BsmRTvTBt-Y/,
https://www.instagram.com/p/BsmfOVyB-o8/,
https://www.instagram.com/p/BspDOobAl2F/,
https://www.instagram.com/p/BskT0C6HYCb/,
https://www.instagram.com/p/BsvK6qWgJeF/,
https://www.instagram.com/p/Bsh40zwHe9_/,
https://www.instagram.com/p/BslLFTtlk3y/,
https://www.instagram.com/p/BssIc_Igoni/,
https://www.instagram.com/p/BsnCw9WhQt0/,
https://www.instagram.com/p/BsmUlLkAscQ/,
https://www.instagram.com/p/Bsm2o17ntKP/,
https://www.instagram.com/p/BsrbJ3zHppD/,
https://www.instagram.com/p/BskWK-UHzUR/,
https://www.instagram.com/p/BsnczF8gx0a/,
https://www.instagram.com/p/Bsg718NlR9b/,
https://www.instagram.com/p/BsqJR6ggBFS/,
https://www.instagram.com/p/BspmS1xgh2w/,
https://www.instagram.com/p/BslABedBgbs/,
https://www.instagram.com/p/BsmfnERBbaC/,
https://www.instagram.com/p/BstKqOCFo6P/,
https://www.instagram.com/p/Bsh6VyYgbDS/,
https://www.instagram.com/p/BsVdL27HiZE/,
https://www.instagram.com/p/BspM4LFn5N8/,
https://www.instagram.com/p/BspmUauAHti/,
https://www.instagram.com/p/Bsn2ADgBoGz/,
https://www.instagram.com/p/BspN3QunPyA/,
https://www.instagram.com/p/Bsq66iSnnFa/,
https://www.instagram.com/p/Bsn5NXAgiHR/,
https://www.instagram.com/p/BsqohrggBro/,
https://www.instagram.com/p/Bsme31VhJuX/,
https://www.instagram.com/p/BsmJK5cgp4Z/,
https://www.instagram.com/p/BspjjnkAalK/,
https://www.instagram.com/p/BspOFjin6ks/,
https://www.instagram.com/p/BskJtUghrYd/,
https://www.instagram.com/p/BsiEojugBFC/,
https://www.instagram.com/p/Bsnw0sJBI78/,
https://www.instagram.com/p/Bsi2Hc3llne/,
https://www.instagram.com/p/BssmW64A6uo/,
https://www.instagram.com/p/BshdPr_HF2t/,
https://www.instagram.com/p/BswoVkPFsWo/,
https://www.instagram.com/p/BsiuNLKlnyR/,
https://www.instagram.com/p/BsiuJEflLyI/,
https://www.instagram.com/p/BsmzqG_Hzaw/,
https://www.instagram.com/p/Bsncp8WgKSM/,
https://www.instagram.com/p/Bskg-WsBhbq/,
https://www.instagram.com/p/Bsm0QfHHdxe/,
https://www.instagram.com/p/Bsu8MiIgBJQ/,
https://www.instagram.com/p/BskxXdPjHP_/,
https://www.instagram.com/p/BssPvsIllJJ/,
https://www.instagram.com/p/BsqvHWihaFG/,
https://www.instagram.com/p/BsnAWlYACe6/,
https://www.instagram.com/p/Bsidkb2F9yv/,
https://www.instagram.com/p/Bst6NHVBxot/,
https://www.instagram.com/p/Bskpes2hK3T/,
https://www.instagram.com/p/BsswH6bAd_S/,
https://www.instagram.com/p/BsiCp9ZFuyc/,
https://www.instagram.com/p/Bsh5Potloeu/,
https://www.instagram.com/p/BshcqA4nUd1/,
https://www.instagram.com/p/BshchhLnnjO/,
https://www.instagram.com/p/Bssayzulw75/,
https://www.instagram.com/p/Bsp1NQNATM0/,
https://www.instagram.com/p/Bsr4NuCnzaF/,
https://www.instagram.com/p/Bsp_E0gDEVx/,
https://www.instagram.com/p/Bss4--ygfrS/,
https://www.instagram.com/p/BshpzxFHiLx/,
https://www.instagram.com/p/BsmfFXtBg6B/,
https://www.instagram.com/p/BsubNJ_n1GR/,
https://www.instagram.com/p/BsqAYx1lVyX/,
https://www.instagram.com/p/BspmcLjA4DC/,
https://www.instagram.com/p/BsntUqmgrbX/,
https://www.instagram.com/p/BstIdi2H5lM/,
https://www.instagram.com/p/BshaS7vHll9/,
https://www.instagram.com/p/BsqHX39gnMe/,
https://www.instagram.com/p/BsfbUN9FNvF/,
https://www.instagram.com/p/BsmfgP4hD85/,
https://www.instagram.com/p/BskHL56AhYz/,
https://www.instagram.com/p/BrrdFxHhMCZ/,
https://www.instagram.com/p/BsmPgLpAy9P/,
https://www.instagram.com/p/Bsk7nOAB6eE/,
https://www.instagram.com/p/BskHeGAhAgM/,
https://www.instagram.com/p/BshZaoDgEIT/,
https://www.instagram.com/p/Bsr32WugtNC/,
https://www.instagram.com/p/BsrW2CThE1W/,
https://www.instagram.com/p/BsplhO1ggSF/,
https://www.instagram.com/p/BsuOld1Fux_/,
https://www.instagram.com/p/Bsp6dG1hTWa/,
https://www.instagram.com/p/BsuEm3_FkF0/,
https://www.instagram.com/p/Bsnmr7KBOnX/,
https://www.instagram.com/p/BsufpdBg0mS/,
https://www.instagram.com/p/Bsm0IdcHbgk/,
https://www.instagram.com/p/BsiiQb7lLcD/,
https://www.instagram.com/p/Bso22j-hVEZ/,
https://www.instagram.com/p/Bsunn6tB-CT/,
https://www.instagram.com/p/BsnXvOghDac/,
https://www.instagram.com/p/BshGjk7gQlo/,
https://www.instagram.com/p/BsvIUy5hWW4/,
https://www.instagram.com/p/BslC2TBhmBb/,
https://www.instagram.com/p/BshlFBTBAjq/,
https://www.instagram.com/p/BsuOO-4llS_/,
https://www.instagram.com/p/BsilaETgQK3/,
https://www.instagram.com/p/Bsj0pzPhP6_/,
https://www.instagram.com/p/BsiEuIaFi_d/,
https://www.instagram.com/p/Bsk6jXUlLGt/,
https://www.instagram.com/p/BsrMF6ODMLO/,
https://www.instagram.com/p/BskPMoNBK9t/,
https://www.instagram.com/p/BsmfY_oh_uG/,
https://www.instagram.com/p/Bss_QU6Bt4c/,
https://www.instagram.com/p/Bssy6c0gtUM/,
https://www.instagram.com/p/BsuNFK6Bibo/,
https://www.instagram.com/p/BspwgA3HHCi/,
https://www.instagram.com/p/BsmfqqBBrhZ/,
https://www.instagram.com/p/BsusVBYFy9f/,
https://www.instagram.com/p/BsiuUE3FUaU/,
https://www.instagram.com/p/BssRhtrnDTU/,
https://www.instagram.com/p/BsihnHTBe0s/,
https://www.instagram.com/p/Bsu6_H1gr_c/,
https://www.instagram.com/p/BsieC-vl4PY/,
https://www.instagram.com/p/Bsg4SrWAFjG/,
https://www.instagram.com/p/BshKkK4BMj0/,
https://www.instagram.com/p/BssaMV8jrkS/,
https://www.instagram.com/p/BsuQ_oIlPy2/,
https://www.instagram.com/p/BssIftwg7LF/,
https://www.instagram.com/p/Bspji5kAeL7/,
https://www.instagram.com/p/Bsl6xwLHV6o/,
https://www.instagram.com/p/BspmYgHg9eA/,
https://www.instagram.com/p/BsuSZXnlUr8/,
https://www.instagram.com/p/BsvZWq_BBYq/,
https://www.instagram.com/p/BspCsiQFNcZ/,
https://www.instagram.com/p/Bsh6Y6_Aori/,
https://www.instagram.com/p/BsoIaZ9ljgm/,
https://www.instagram.com/p/Bsm2y0GH4nT/,
https://www.instagram.com/p/BsmUQPYFTlI/,
https://www.instagram.com/p/Bswpf8CFacd/,
https://www.instagram.com/p/BsvjdxKHmQC/,
https://www.instagram.com/p/BspM_z9HQ2r/,
https://www.instagram.com/p/Bsk8DG-h7Av/,
https://www.instagram.com/p/BsqwWgQHQ7R/,
https://www.instagram.com/p/BssDD2BDJ-5/,
https://www.instagram.com/p/BspNIoZHeoh/,
https://www.instagram.com/p/Bsm3KaJnp4-/,
https://www.instagram.com/p/BskH5D8hpNC/,
https://www.instagram.com/p/BsuNWaUFkx6/,
https://www.instagram.com/p/BsnwyqihXgC/,
https://www.instagram.com/p/Bsilq4yAuwp/,
https://www.instagram.com/p/BshdvXUn8SK/,
https://www.instagram.com/p/BsixDrTlzsZ/,
https://www.instagram.com/p/BshbiQhHO0b/,
https://www.instagram.com/p/Bsm2ueIlXR5/,
https://www.instagram.com/p/BsjFNNJl31L/,
https://www.instagram.com/p/BsrgOXbnlaP/,
https://www.instagram.com/p/BshdIuUHv00/,
https://www.instagram.com/p/BsrhnLonb6S/,
https://www.instagram.com/p/BspmN2xAhXq/,
https://www.instagram.com/p/Bsm2vEGnA2V/,
https://www.instagram.com/p/Bsh7ePYlROF/,
https://www.instagram.com/p/Bsuc3x5gi7i/,
https://www.instagram.com/p/Bshi0jih_aB/,
https://www.instagram.com/p/BskLIj8l6rp/,
https://www.instagram.com/p/Bswo_70H6so/,
https://www.instagram.com/p/BstB7UrhohX/,
https://www.instagram.com/p/BspMm5gHAcL/,
https://www.instagram.com/p/BsvC2NOAXlq/,
https://www.instagram.com/p/Bsh3ni5FHC2/,
https://www.instagram.com/p/BsvIHgYBOtr/,
https://www.instagram.com/p/BssIGSqlgQP/,
https://www.instagram.com/p/BsofuNgHzqC/,
https://www.instagram.com/p/Bsh6TqLAwbg/,
https://www.instagram.com/p/BshdTQCnzoJ/,
https://www.instagram.com/p/BshcctwlbbL/,
https://www.instagram.com/p/BsswbYHAUS1/,
https://www.instagram.com/p/BsjABt2l-jd/,
https://www.instagram.com/p/Bsrhs7pnIK8/,
https://www.instagram.com/p/Bsm9PM0nSq2/,
https://www.instagram.com/p/Bsh-5WZASX5/,
https://www.instagram.com/p/Bsp6axmhz0-/,
https://www.instagram.com/p/Bsh44lNFcxa/,
https://www.instagram.com/p/BsubUtWh9cW/,
https://www.instagram.com/p/Bsh9WGrnM8e/,
https://www.instagram.com/p/Bsipv7olQTg/,
https://www.instagram.com/p/Bsua2WTnvcc/,
https://www.instagram.com/p/BspwzyWHQcY/,
https://www.instagram.com/p/BslHL4lBZ9L/,
https://www.instagram.com/p/Bss_2Bvgo5r/,
https://www.instagram.com/p/BspyYDinKqF/,
https://www.instagram.com/p/BsorfmYFOnX/,
https://www.instagram.com/p/Bsm20_JngKd/,
https://www.instagram.com/p/BsYZ-Qynps5/,
https://www.instagram.com/p/Bswt8SkgkmR/,
https://www.instagram.com/p/BsvDHb-gxaz/,
https://www.instagram.com/p/BsqPHrahcB_/,
https://www.instagram.com/p/BskXygeH2TB/,
https://www.instagram.com/p/BshajD9nm54/,
https://www.instagram.com/p/BsvWf0ShhZM/,
https://www.instagram.com/p/Bsp_C4THGzH/,
https://www.instagram.com/p/BshYpz4n3mz/,
https://www.instagram.com/p/BsvTXtBHcMs/,
https://www.instagram.com/p/BsnwoUchwbO/,
https://www.instagram.com/p/BsnMsmsHvaZ/,
https://www.instagram.com/p/BskLNRjnp7L/,
https://www.instagram.com/p/BssrN2ql7GB/,
https://www.instagram.com/p/BspM0bjgfeZ/,
https://www.instagram.com/p/BssPiVCFe8S/,
https://www.instagram.com/p/Bsq9bOTBmF8/,
https://www.instagram.com/p/BspUYINghwO/,
https://www.instagram.com/p/Bsmzc_0nxnS/,
https://www.instagram.com/p/BsuTOoVFYpA/,
https://www.instagram.com/p/BspONUFHlsL/,
https://www.instagram.com/p/Bsmbr33FRUv/,
https://www.instagram.com/p/BsmjUnygLAR/,
https://www.instagram.com/p/BspNlpwHVMS/,
https://www.instagram.com/p/BsnT2qtFAfW/,
https://www.instagram.com/p/BsnCEPUh96b/,
https://www.instagram.com/p/BspHLPBAZwS/,
https://www.instagram.com/p/BslIpXcglU-/,
https://www.instagram.com/p/BskHWKBh9f2/,
https://www.instagram.com/p/Bshbo1lnZ1I/,
https://www.instagram.com/p/BskTxD5HFdO/,
https://www.instagram.com/p/BshJAg9nlzv/,
https://www.instagram.com/p/BsigoWylDQj/,
https://www.instagram.com/p/BskYYJOlVQ-/,
https://www.instagram.com/p/BswouGjBK9S/,
https://www.instagram.com/p/Bsmz0D0n6uD/,
https://www.instagram.com/p/Bsi4F96hfPZ/,
https://www.instagram.com/p/Bsi2WcCllIv/,
https://www.instagram.com/p/BskYsYMl1O8/,
https://www.instagram.com/p/Bsm2VNxHKlJ/,
https://www.instagram.com/p/BsiuuUGlpQf/,
https://www.instagram.com/p/BsudIC8lLR3/,
https://www.instagram.com/p/BspjAQZF_jr/,
https://www.instagram.com/p/BswsTT6A4LF/,
https://www.instagram.com/p/Bsp6XDxBt-u/,
https://www.instagram.com/p/BsptlmEBQ71/,
https://www.instagram.com/p/Bsv8lTtBYSK/,
https://www.instagram.com/p/BspNZEFHLCk/,
https://www.instagram.com/p/BspW5MThp6N/,
https://www.instagram.com/p/BsnSsNnBNXe/,
https://www.instagram.com/p/BspMj3QHNHU/,
https://www.instagram.com/p/Bstpr0THpOu/,
https://www.instagram.com/p/BsplfbSg8Jy/,
https://www.instagram.com/p/BskPIEGh-mv/,
https://www.instagram.com/p/BspEWseBYre/,
https://www.instagram.com/p/BstkW-Ujg7g/,
https://www.instagram.com/p/Bsm29kTHHQh/,
https://www.instagram.com/p/Bsj-YMBFmu7/,
https://www.instagram.com/p/BstJa20DGiM/,
https://www.instagram.com/p/BssGem2g3Ms/,
https://www.instagram.com/p/BssIzQ1geMl/,
https://www.instagram.com/p/BssDGXXjbz1/,
https://www.instagram.com/p/BssZ24ojfku/,
https://www.instagram.com/p/BsirPkvgzHm/,
https://www.instagram.com/p/Bsm2Mgon2SZ/,
https://www.instagram.com/p/Bsiby16lBsU/,
https://www.instagram.com/p/BsqZCzeldTf/,
https://www.instagram.com/p/BsiNmTOgWk2/,
https://www.instagram.com/p/BrrIl_3FmP8/,
https://www.instagram.com/p/BsiCRqllFJa/,
https://www.instagram.com/p/Bsn4dGzhC2L/,
https://www.instagram.com/p/BskXNFynFA3/,
https://www.instagram.com/p/BswvqL3How1/,
https://www.instagram.com/p/BshaZ5gnqiS/,
https://www.instagram.com/p/Bsg-GWtnZ5J/,
https://www.instagram.com/p/Bspwn4wnZn4/,
https://www.instagram.com/p/BskWukOnMz4/,
https://www.instagram.com/p/BsiiRwXDU2o/,
https://www.instagram.com/p/Bsm2Dx6HBoc/,
https://www.instagram.com/p/BsmjWwzhevw/,
https://www.instagram.com/p/BsnEs0igzVy/,
https://www.instagram.com/p/BsmZiuZBTBB/,
https://www.instagram.com/p/BssQRIjFEcv/,
https://www.instagram.com/p/Bsh_srslsJy/,
https://www.instagram.com/p/BsnTmWalZqC/,
https://www.instagram.com/p/BsSnTVnFnb-/,
https://www.instagram.com/p/Bss1ukggKFX/,
https://www.instagram.com/p/BspmihhAbWp/,
https://www.instagram.com/p/BsreCLtnlzc/,
https://www.instagram.com/p/BsreB0slZOG/,
https://www.instagram.com/p/BsnTqqVlTRq/,
https://www.instagram.com/p/Bsupv5LB8wK/,
https://www.instagram.com/p/BsmUozLgv7g/,
https://www.instagram.com/p/Bso4Z03BW30/,
https://www.instagram.com/p/Bsi2PiLFRyF/,
https://www.instagram.com/p/BswdlFRl0f_/,
https://www.instagram.com/p/BsnWiyaguc2/,
https://www.instagram.com/p/BshbNNxHuGO/,
https://www.instagram.com/p/Bsm0FQFniE7/,
https://www.instagram.com/p/Bsk7TbwhKCN/,
https://www.instagram.com/p/BssIrxigdma/,
https://www.instagram.com/p/BskIe8DgmiD/,
https://www.instagram.com/p/BslAaa7BK5N/,
https://www.instagram.com/p/Bsn6LgngZMG/,
https://www.instagram.com/p/BsuYHHThOiz/,
https://www.instagram.com/p/BspwloJnXEu/,
https://www.instagram.com/p/BsqQhIZAjbS/,
https://www.instagram.com/p/Bsh8vzzlcHz/,
https://www.instagram.com/p/BsivfdUgYNb/,
https://www.instagram.com/p/BsmTYuVACWV/,
https://www.instagram.com/p/BsnAc30BvG5/,
https://www.instagram.com/p/BswgccgnNPH/,
https://www.instagram.com/p/BssRwxYnS8W/,
https://www.instagram.com/p/Bsm2JW9nGc7/,
https://www.instagram.com/p/BsplbDLgHiq/,
https://www.instagram.com/p/BsubIfxhvxX/,
https://www.instagram.com/p/BslChWrh36p/,
https://www.instagram.com/p/Bsig8vIHWcR/,
https://www.instagram.com/p/Bss84bBgL1u/,
https://www.instagram.com/p/BsvJgEtHxLc/,
https://www.instagram.com/p/Bsr-jZph7jJ/,
https://www.instagram.com/p/BskgVnphFix/,
https://www.instagram.com/p/Bsh_yXalrDP/,
https://www.instagram.com/p/BspizidA9DT/,
https://www.instagram.com/p/BskafKHgss1/,
https://www.instagram.com/p/BshL2Hinu4F/,
https://www.instagram.com/p/BshWiBKjOKP/,
https://www.instagram.com/p/BsnwrPwBcBQ/,
https://www.instagram.com/p/BsnFhpeFZb0/,
https://www.instagram.com/p/Bsn_JKTh8H4/,
https://www.instagram.com/p/Bsn6MbXAt4b/,
https://www.instagram.com/p/BsuF3f6jUdJ/,
https://www.instagram.com/p/BsphGgTHJE6/,
https://www.instagram.com/p/BsmzxYIl_8Q/,
https://www.instagram.com/p/BskT-m-HJnf/,
https://www.instagram.com/p/Bsinkxigd0e/,
https://www.instagram.com/p/BsorXCilGLY/,
https://www.instagram.com/p/BsowMhwlPmB/,
https://www.instagram.com/p/BshctB_HGS7/,
https://www.instagram.com/p/BsmquHmlkHt/,
https://www.instagram.com/p/BsmkdVdhUSp/,
https://www.instagram.com/p/Bsh5XmaFHqo/,
https://www.instagram.com/p/Bsu52iOFm72/,
https://www.instagram.com/p/Bso51AmndDt/,
https://www.instagram.com/p/Bry2ALMloJu/,
https://www.instagram.com/p/BsnjgWqAErP/,
https://www.instagram.com/p/Bskr5iLhY5n/,
https://www.instagram.com/p/BslApzmB36j/,
https://www.instagram.com/p/BsiiVffAJ3G/,
https://www.instagram.com/p/BssLA5tnIfu/,
https://www.instagram.com/p/BspmeFZgvvF/,
https://www.instagram.com/p/BsrZ3_VHFif/,
https://www.instagram.com/p/Bsiw-GBFCEn/,
https://www.instagram.com/p/BsuF7NDjAgB/,
https://www.instagram.com/p/Bsm23bJnxtl/,
https://www.instagram.com/p/Bsluc8KFvci/,
https://www.instagram.com/p/BskTqi2Hqvd/,
https://www.instagram.com/p/Bsm0AU7Fy3v/,
https://www.instagram.com/p/Bso5TcRF3iA/,
https://www.instagram.com/p/Bspry9zhi4k/,
https://www.instagram.com/p/BsqACCggHzg/,
https://www.instagram.com/p/BskEVnUBL7h/,
https://www.instagram.com/p/Bsrl9tYh4Sl/,
https://www.instagram.com/p/BskGRl9Fm67/,
https://www.instagram.com/p/BssXTyDgRMm/,
https://www.instagram.com/p/Bsq60ujn2pG/,
https://www.instagram.com/p/BsnNQ1znzmR/,
https://www.instagram.com/p/BspNNQGHsQ8/,
https://www.instagram.com/p/Br7T4gKgjfH/,
https://www.instagram.com/p/Bsh4ph3Husy/,
https://www.instagram.com/p/BspHBiegwbc/,
https://www.instagram.com/p/BssmB7knT7H/,
https://www.instagram.com/p/BsrJ65RH7h0/,
https://www.instagram.com/p/BskWnVPnQut/,
https://www.instagram.com/p/BstnxHSF3ba/,
https://www.instagram.com/p/Bsmw0yPB0Z3/,
https://www.instagram.com/p/Bsrhp8En6x7/,
https://www.instagram.com/p/Bsi3IjSlaoG/,
https://www.instagram.com/p/Bsha4fqHClm/,
https://www.instagram.com/p/BsiChEYlZKM/,
https://www.instagram.com/p/BsithZzldXp/,
https://www.instagram.com/p/BskHEVyhgCr/,
https://www.instagram.com/p/BsmxwhGhvzh/,
https://www.instagram.com/p/Bsm2hj2nPNH/,
https://www.instagram.com/p/BsuL_3FFlKE/,
https://www.instagram.com/p/Bsqy93vl5Vc/,
https://www.instagram.com/p/BsrhixPHWit/,
https://www.instagram.com/p/BsmjY8zB6nG/,
https://www.instagram.com/p/BsimPfgFqIE/,
https://www.instagram.com/p/BsnWz8aAE8n/,
https://www.instagram.com/p/Bso731kBXZf/,
https://www.instagram.com/p/BspBZUHF7ay/,
https://www.instagram.com/p/BsvEbxkBcei/,
https://www.instagram.com/p/BspAgHFBWim/,
https://www.instagram.com/p/BsnwvxTg7Bz/,
https://www.instagram.com/p/BspDBFpFOqp/,
https://www.instagram.com/p/Bsm8i7nHOXI/,
https://www.instagram.com/p/BsgsTrDFNBm/,
https://www.instagram.com/p/Bsp4VhlDe38/,
https://www.instagram.com/p/BswsFTbgOaj/,
https://www.instagram.com/p/BstOzHnBCpt/,
https://www.instagram.com/p/BsnvuWWATEw/,
https://www.instagram.com/p/Bsm2mmplH4f/,
https://www.instagram.com/p/BsimB_uFIZr/,
https://www.instagram.com/p/BsfdO01nrEs/,
https://www.instagram.com/p/BsrkVIrnuel/,
https://www.instagram.com/p/BspeoY2gJBf/,
https://www.instagram.com/p/BsnvECNnDBd/,
https://www.instagram.com/p/Bshdbr1nYrJ/,
https://www.instagram.com/p/Bsm2AgYnFsL/,
https://www.instagram.com/p/BskydjFgy_G/,
https://www.instagram.com/p/BspExDzl2JM/,
https://www.instagram.com/p/BsirT8kAnJ5/,
https://www.instagram.com/p/BsvI0jyBjpw/,
https://www.instagram.com/p/BsmdBqhlE9o/,
https://www.instagram.com/p/Bsm8q1fHLhU/,
https://www.instagram.com/p/BslcIPZBBpX/,
https://www.instagram.com/p/Bsv9jDSBEKP/,
https://www.instagram.com/p/BspwxJ8HTBf/,
https://www.instagram.com/p/BshX8zaAHHi/,
https://www.instagram.com/p/Bsig0iAl0Dy/,
https://www.instagram.com/p/BspmajhAosf/,
https://www.instagram.com/p/BslcwDfgq75/,
https://www.instagram.com/p/BstBvj2hM8s/,
https://www.instagram.com/p/Bsh6P4ggbQk/,
https://www.instagram.com/p/BshaqSBHKwY/,
https://www.instagram.com/p/Bsh3-WFnbzc/,
https://www.instagram.com/p/BskXjnjHIUC/,
https://www.instagram.com/p/BsiB82tl7mb/,
https://www.instagram.com/p/Bshc-P9HLR2/,
https://www.instagram.com/p/BssP-tvF90i/,
https://www.instagram.com/p/BskXHPPnzmX/,
https://www.instagram.com/p/BsmyRlzHZXZ/,
https://www.instagram.com/p/BsplUKzAwk1/,
https://www.instagram.com/p/BsnR1U3g5d7/,
https://www.instagram.com/p/Bshc7N1nFHP/,
https://www.instagram.com/p/BsnJB0ilYHu/,
https://www.instagram.com/p/BskT26hH625/,
https://www.instagram.com/p/BsnD9oehlk4/,
https://www.instagram.com/p/BsigK8WjDml/,
https://www.instagram.com/p/BsvmsFGlvch/,
https://www.instagram.com/p/BssnJ5bAWz7/,
https://www.instagram.com/p/BsiMaq-FQB1/,
https://www.instagram.com/p/BsnEO_OgwMX/,
https://www.instagram.com/p/Bsmxy7-g2-y/,
https://www.instagram.com/p/BspNFTOnnoz/,
https://www.instagram.com/p/BsmpLSPDVyu/,
https://www.instagram.com/p/BsqeyOcnE0t/,
https://www.instagram.com/p/Bso6QDkHP8D/,
https://www.instagram.com/p/BsmfBGZBYo_/,
https://www.instagram.com/p/Bsih8ADF9gx/,
https://www.instagram.com/p/Bsu1I1KDgXg/,
https://www.instagram.com/p/BshcvtAHUeQ/,
https://www.instagram.com/p/BsmRINxAfBR/,
https://www.instagram.com/p/BskFo9WAgKz/,
https://www.instagram.com/p/Bsms8IbF7GS/,
https://www.instagram.com/p/BslDUbjBUFm/,
https://www.instagram.com/p/Bsrog6pHxqw/,
https://www.instagram.com/p/Bso1HC1g0Fa/,
https://www.instagram.com/p/BspVAb0BbCf/,
https://www.instagram.com/p/BswruYKA5yd/,
https://www.instagram.com/p/Bsm2YgLnaDh/,
https://www.instagram.com/p/BsmTvaKh5lk/,
https://www.instagram.com/p/BshV1N1gpVC/,
https://www.instagram.com/p/Bshd0avHVag/,
https://www.instagram.com/p/BsmtJAfBIHE/,
https://www.instagram.com/p/Bsun-WkAxZc/,
https://www.instagram.com/p/Bslgo5PhmGx/,
https://www.instagram.com/p/BsvZK80BLgO/,
https://www.instagram.com/p/Bsu0eXqF7mJ/,
https://www.instagram.com/p/BsvcIChjrAe/,
https://www.instagram.com/p/BsrAF2TgrYh/,
https://www.instagram.com/p/BssQuteg8p5/,
https://www.instagram.com/p/Bsm8Y0jlYsW/,
https://www.instagram.com/p/BsuuAJ8Hecl/,
https://www.instagram.com/p/BslAU1gBaMd/,
https://www.instagram.com/p/BsnR9hgBUhO/,
https://www.instagram.com/p/Bspi3eqlHXo/,
https://www.instagram.com/p/BspWGSLDmTE/,
https://www.instagram.com/p/Bsk7q79BhQL/,
https://www.instagram.com/p/BsjMqCXgpXA/,
https://www.instagram.com/p/BsmhkwrBFgy/,
https://www.instagram.com/p/Br5ECW7FjU5/,
https://www.instagram.com/p/Bsvg_c3n4KA/,
https://www.instagram.com/p/Bsm2PTKnFzp/,
https://www.instagram.com/p/BsiijenlEAO/,
https://www.instagram.com/p/Bsk-3rnh9kd/,
https://www.instagram.com/p/Bsh75VNgfun/,
https://www.instagram.com/p/BshaeIIndJN/,
https://www.instagram.com/p/BsutyW3H4Yv/,
https://www.instagram.com/p/Bsvh5-snwCl/,
https://www.instagram.com/p/BskIdCnAeTM/,
https://www.instagram.com/p/BsqPTlZhpYa/,
https://www.instagram.com/p/BsnPgamA6Cn/,
https://www.instagram.com/p/BskHKYChk7X/,
https://www.instagram.com/p/BspNxGZnUzm/,
https://www.instagram.com/p/Bspll4JgOi_/,
https://www.instagram.com/p/BsqdCu7A18D/,
https://www.instagram.com/p/Bsp6edYBUvs/,
https://www.instagram.com/p/BskwPBqB8f6/,
https://www.instagram.com/p/Bspw1kYHZn4/,
https://www.instagram.com/p/BspMuoqno_4/,
https://www.instagram.com/p/Bsvw1TInthl/,
https://www.instagram.com/p/BswdznPlmSc/,
https://www.instagram.com/p/Bsk1EBRFot-/,
https://www.instagram.com/p/BsvvEerhZX-/,
https://www.instagram.com/p/BslXO_ih9y3/,
https://www.instagram.com/p/BsuNs9aFuDB/,
https://www.instagram.com/p/BshYSpOA2Gr/,
https://www.instagram.com/p/Bsp6YjOBRAG/,
https://www.instagram.com/p/BskKYhLBbqg/,
https://www.instagram.com/p/BskOa2Mlj56/,
https://www.instagram.com/p/BsuOB2eBZDQ/,
https://www.instagram.com/p/Bsh4vu3F8GK/,
https://www.instagram.com/p/Bsk9sXchLgU/,
https://www.instagram.com/p/BspqP7jHr_g/,
https://www.instagram.com/p/BsplRuJgXal/,
https://www.instagram.com/p/BsnBnUWhXS4/,
https://www.instagram.com/p/Bsit-HiFuhi/,
https://www.instagram.com/p/BsudMwbBoDT/,
https://www.instagram.com/p/Bshfj__n-mW/,
https://www.instagram.com/p/Bsme6t3hvkh/,
https://www.instagram.com/p/BrSfHEFlxYo/,
https://www.instagram.com/p/BsiDitOFbko/,
https://www.instagram.com/p/BspmkMogiJE/,
https://www.instagram.com/p/BsouliglPSZ/,
https://www.instagram.com/p/BspBfm6lQDS/,
https://www.instagram.com/p/BshYlA_n3fL/,
https://www.instagram.com/p/BsikkFWFkc5/,
https://www.instagram.com/p/BspyTFpHCy9/,
https://www.instagram.com/p/BspP--vgdqs/,
https://www.instagram.com/p/BskLDEtF4qH/,
https://www.instagram.com/p/BsmA6XuFt6T/,
https://www.instagram.com/p/Bsh7lvuFKHU/,
https://www.instagram.com/p/BswtWhyBKZ8/,
https://www.instagram.com/p/BspEEJDl5G5/,
https://www.instagram.com/p/Bsio6wbnhE0/,
https://www.instagram.com/p/BsiDGDllCCH/,
https://www.instagram.com/p/BshYtClgBds/,
https://www.instagram.com/p/BspR128jgcd/,
https://www.instagram.com/p/Bshc07zHV2Y/,
https://www.instagram.com/p/BsjtWWAHwn-/,
https://www.instagram.com/p/BsiBz-1HFWm/,
https://www.instagram.com/p/BsuOdx3liW8/,
https://www.instagram.com/p/BsnvE53FArx/,
https://www.instagram.com/p/BsmrfBQhBOi/,
https://www.instagram.com/p/BsuK1-jlNQs/,
https://www.instagram.com/p/BslYA3MH_tl/,
https://www.instagram.com/p/BsoxRifDmBv/,
https://www.instagram.com/p/BskW8Unn4-0/,
https://www.instagram.com/p/BsiPNm8jDZ1/,
https://www.instagram.com/p/Bsh38J2g5Mc/,
https://www.instagram.com/p/BshYuMInPMq/,
https://www.instagram.com/p/Bsu_zmyhoJC/,
https://www.instagram.com/p/BspDZ1QBFel/,
https://www.instagram.com/p/BsrfpzzlpEb/,
https://www.instagram.com/p/BskW0TInzri/,
https://www.instagram.com/p/Bso-kLah2Lg/,
https://www.instagram.com/p/BshwZVGlBi5/,
https://www.instagram.com/p/BssX1A3hEC5/,
https://www.instagram.com/p/BssP8rwF4nh/,
https://www.instagram.com/p/Bsk1TuEgY1g/,
https://www.instagram.com/p/Bsm18s3n7ru/,
https://www.instagram.com/p/BsixQrlFtII/,
https://www.instagram.com/p/Bsn4KMsgAks/,
https://www.instagram.com/p/Bsh7UbkloiB/,
https://www.instagram.com/p/Bsm0M3JHE3X/,
https://www.instagram.com/p/BshdMnNnxMN/,
https://www.instagram.com/p/BspNi4fHRva/,
https://www.instagram.com/p/BswdjO_lQNJ/,
https://www.instagram.com/p/BspOKRHHe22/,
https://www.instagram.com/p/Bsrz_nwHwns/,
https://www.instagram.com/p/BsmlQbwhQvb/,
https://www.instagram.com/p/BshbkbEHzoB/,
https://www.instagram.com/p/Bsvm6mQhjAK/,
https://www.instagram.com/p/Bsi2M7hl0Bo/,
https://www.instagram.com/p/Bshcna4Hzts/,
https://www.instagram.com/p/Bsm8dcXlT8J/,
https://www.instagram.com/p/Bsi3u7kF4Jk/,
https://www.instagram.com/p/Bsi3YUPhfVq/,
https://www.instagram.com/p/BssZ0nJD23F/,
https://www.instagram.com/p/BslDhUbBFom/,
https://www.instagram.com/p/BsjRXJIBIgl/,
https://www.instagram.com/p/BswFk5-ArHI/,
https://www.instagram.com/p/BsrhcJ1HOpC/,
https://www.instagram.com/p/BsmcvuBHqqk/,
https://www.instagram.com/p/BsiGGSAlN3Z/,
https://www.instagram.com/p/BsnTFvQBw1S/,
https://www.instagram.com/p/BsuNa0LF22N/,
https://www.instagram.com/p/BskXbfFnveQ/,
https://www.instagram.com/p/Bso0e0wltTk/,
https://www.instagram.com/p/BskGMT8lTfw/,
https://www.instagram.com/p/BswvOTwlO_G/,
https://www.instagram.com/p/BsuZA3iAP2Q/,
https://www.instagram.com/p/BsuIfxjB1Xm/,
https://www.instagram.com/p/Bsm6Jq3AoqJ/,
https://www.instagram.com/p/Bsn4Mn0Ad1K/,
https://www.instagram.com/p/Bsib1Z2Fop_/,
https://www.instagram.com/p/BskYViGFAVA/,
https://www.instagram.com/p/BskUA-nHAI7/,
https://www.instagram.com/p/BskT6HRHIzs/,
https://www.instagram.com/p/Bsr6Dshnm71/,
https://www.instagram.com/p/BsnTn4wF4BP/,
https://www.instagram.com/p/BsvZQvjB1aZ/,
https://www.instagram.com/p/BsuMDEtF0LL/,
https://www.instagram.com/p/Bsu8fXgAaDT/,
https://www.instagram.com/p/BsnI5KBFhH4/,
https://www.instagram.com/p/BswNLiRHbXo/,
https://www.instagram.com/p/Bsu_8EagZMD/,
https://www.instagram.com/p/BspqHUzHU5N/,
https://www.instagram.com/p/BsuREpwH6hf/,
https://www.instagram.com/p/Bss2HWogK2J/,
https://www.instagram.com/p/BsqV1d3gYoh/,
https://www.instagram.com/p/BspQHFvgZA0/,
https://www.instagram.com/p/BsnT7gLlHyG/,
https://www.instagram.com/p/BsvGIDQhvsy/,
https://www.instagram.com/p/Bsm2SjDnIqR/,
https://www.instagram.com/p/Bsmzu-UlVhX/,
https://www.instagram.com/p/BsiITZpllB1/,
https://www.instagram.com/p/BswoVkUFTP3/,
https://www.instagram.com/p/BskWhFXHTD0/,
https://www.instagram.com/p/BssB2CJHdli/,
https://www.instagram.com/p/BsnJo6gFk67/,
https://www.instagram.com/p/BsnaKsgn2MZ/,
https://www.instagram.com/p/BspNoC7HMY8/,
https://www.instagram.com/p/Bsut4Ldnnzn/,
https://www.instagram.com/p/BspuZtBhho0/,
https://www.instagram.com/p/Bsmz4HpFR9J/,
https://www.instagram.com/p/BslCtKwhWW6/,
https://www.instagram.com/p/BsuEm7rlguI/,
https://www.instagram.com/p/Bshay9Bn9Hk/,
https://www.instagram.com/p/BsmfvNlhD2J/,
https://www.instagram.com/p/Bsixh3YlnkK/,
https://www.instagram.com/p/Bsu7BQeBUDu/,
https://www.instagram.com/p/Bss96vEgO7b/,
https://www.instagram.com/p/BsqppFUAY_j/,
https://www.instagram.com/p/Bsm0kLgHHbO/,
https://www.instagram.com/p/BsiAF6qhNni/,
https://www.instagram.com/p/BspwvR5nJFp/,
https://www.instagram.com/p/BskpMj8BRpJ/,
https://www.instagram.com/p/BshlwKoABHG/,
https://www.instagram.com/p/BsiIVyQn9hs/,
https://www.instagram.com/p/BspC18PFoxR/,
https://www.instagram.com/p/BsqC6ocgPwr/,
https://www.instagram.com/p/BskK6YvFaIW/,
https://www.instagram.com/p/BsixHqWFEdt/,
https://www.instagram.com/p/BsnrGcEgt1q/,
https://www.instagram.com/p/Bsh8B2-l0zF/,
https://www.instagram.com/p/BskXBG8nNb9/,
https://www.instagram.com/p/Bsu2KR-gQLk/,
https://www.instagram.com/p/Bsfxx3cgMdy/,
https://www.instagram.com/p/Bspw-APHKVp/,
https://www.instagram.com/p/Bsut7YRn_9t/,
https://www.instagram.com/p/Bsm0ZHYHJT9/,
https://www.instagram.com/p/Bsmz_s7HQk7/,
https://www.instagram.com/p/BslCKlrBR6H/,
https://www.instagram.com/p/BsZgO9SFfVn/,
https://www.instagram.com/p/BsvYp7gheD-/,
https://www.instagram.com/p/BswvLg3FWmb/,
https://www.instagram.com/p/BsulEqjAzlo/,
https://www.instagram.com/p/Bsiyco6nIsm/,
https://www.instagram.com/p/BshulffBg6G/,
https://www.instagram.com/p/BswrISmgOQl/,
https://www.instagram.com/p/BsuI4Uul92e/,
https://www.instagram.com/p/Bst_FKZFcqH/,
https://www.instagram.com/p/BssJeXEAnih/,
https://www.instagram.com/p/Bsu2IwhlmGI/,
https://www.instagram.com/p/Bsqb4HGlOMX/,
https://www.instagram.com/p/BsoHqcDgZSI/,
https://www.instagram.com/p/BskWrbanbv9/,
https://www.instagram.com/p/BsiyN0BHFlK/,
https://www.instagram.com/p/Bsk595dFM0k/,
https://www.instagram.com/p/BsnEIUIgKFT/,
https://www.instagram.com/p/BsuF5VKjiQF/,
https://www.instagram.com/p/BswblASljC-/,
https://www.instagram.com/p/Bspk1ODgIHK/,
https://www.instagram.com/p/BsrBpuSgrxB/,
https://www.instagram.com/p/BsnvYOLhJLB/,
https://www.instagram.com/p/Bsn2X-CHYnV/,
https://www.instagram.com/p/BsonUgSgTIo/,
https://www.instagram.com/p/Bsm2r4RH2n3/,
https://www.instagram.com/p/BsmxorPFNYh/,
https://www.instagram.com/p/BshsEO4BNH6/,
https://www.instagram.com/p/Bsj-JruhiPS/,
https://www.instagram.com/p/BsveGhZBJBL/,
https://www.instagram.com/p/BsnTyb3llh1/,
https://www.instagram.com/p/Bsvzr7elScC/,
https://www.instagram.com/p/Bsp9JGCBpZT/,
https://www.instagram.com/p/BsnFDUYA37j/,
https://www.instagram.com/p/Bsv7CFPH1_J/,
https://www.instagram.com/p/BspNWRanoLw/,
https://www.instagram.com/p/BsmzlWTH7gq/,
https://www.instagram.com/p/BslbBhZA00n/,
https://www.instagram.com/p/BsjEWY3lJX8/,
https://www.instagram.com/p/BsiIPACF7QF/,
https://www.instagram.com/p/BspyVeBHs-8/,
https://www.instagram.com/p/BspC6_vF6-z/,
https://www.instagram.com/p/BsvIn6jhSj6/,
https://www.instagram.com/p/BsjHKpZF5wA/,
https://www.instagram.com/p/BsqwEH0Ab5x/,
https://www.instagram.com/p/BsuOGETlVpR/,
https://www.instagram.com/p/BsrRRMnAZiV/,
https://www.instagram.com/p/BspNq-zHbR9/,
https://www.instagram.com/p/BsuG1Edj0cW/,
https://www.instagram.com/p/BslYJ7eHwBO/,
https://www.instagram.com/p/BskVb4sBkOD/,
https://www.instagram.com/p/Bsi-z73goYS/,
https://www.instagram.com/p/Bsiy95qFn8M/,
https://www.instagram.com/p/BsulRlCHr99/,
https://www.instagram.com/p/BsiKxcUhILN/,
https://www.instagram.com/p/BspljbWAaau/,
https://www.instagram.com/p/BshlxadnxLR/,
https://www.instagram.com/p/BskX3lrnoGa/,
https://www.instagram.com/p/Bsn5OSpgUkk/,
https://www.instagram.com/p/Bsiw6C5FFev/,
https://www.instagram.com/p/Bsha9Wxnc5P/,
https://www.instagram.com/p/BsrhyuoHz2s/,
https://www.instagram.com/p/BsrTXD1FAIc/,
https://www.instagram.com/p/Bsm3BOQnvro/,
https://www.instagram.com/p/BsuJoKiFfBj/,
https://www.instagram.com/p/Bsm2j6fnmuT/,
https://www.instagram.com/p/BsmyVcGHRfS/,
https://www.instagram.com/p/BslCDFphMuF/,
https://www.instagram.com/p/Bsp_pQxleOo/,
https://www.instagram.com/p/BsvUi2jBPJP/,
https://www.instagram.com/p/Bspmg8Pgi0K/,
https://www.instagram.com/p/Bsm8LUehFPl/,
https://www.instagram.com/p/Bskl4eZlirz/,
https://www.instagram.com/p/BsuMjEpnFo0/,
https://www.instagram.com/p/BsrxYKMFxfF/,
https://www.instagram.com/p/BsjxsurhJyG/,
https://www.instagram.com/p/BsihUj1hyr7/,
https://www.instagram.com/p/Bswsw3oAWPz/,
https://www.instagram.com/p/Bsh5LEOFLGK/,
https://www.instagram.com/p/Bso63A5lgup/,
https://www.instagram.com/p/BskT8SPHrwn/,
