https://www.instagram.com/p/BsiWyU4gJge/,
https://www.instagram.com/p/BsiXB-xBH21/,
https://www.instagram.com/p/BsiWtKLHwR-/,
https://www.instagram.com/p/BsiWOlmgrQP/,
https://www.instagram.com/p/BsiW-JVFADD/,
https://www.instagram.com/p/BsiWl71hZz8/,
https://www.instagram.com/p/BsiXBU3A7-s/,
https://www.instagram.com/p/BshmKXxB83e/,
https://www.instagram.com/p/BsiWw-MAFQD/,
https://www.instagram.com/p/BsiWmG2n2OA/,
https://www.instagram.com/p/BsiXAlwlSgd/,
https://www.instagram.com/p/BsiXK4GF388/,
https://www.instagram.com/p/Bh1yTp1nvru/,
https://www.instagram.com/p/BsiXKCOgCMa/,
https://www.instagram.com/p/BhrwcHiAxGQ/,
https://www.instagram.com/p/BsiW42ZHRAa/,
https://www.instagram.com/p/BsiWtwXh3kv/,
https://www.instagram.com/p/BsiWrktA1ul/,
https://www.instagram.com/p/BshkqPLh16a/,
https://www.instagram.com/p/BsYgg7sBRKK/,
https://www.instagram.com/p/BshlZYrBvwP/,
https://www.instagram.com/p/BshkK3MBgza/,
https://www.instagram.com/p/BshvA8YAzis/,
https://www.instagram.com/p/BsiXPYAjSX6/,
https://www.instagram.com/p/BsiUO63FUaU/,
https://www.instagram.com/p/BsiXdI4DGYp/,
https://www.instagram.com/p/Bm5urDDAak2/,
https://www.instagram.com/p/BsQ9o7uhqvC/,
https://www.instagram.com/p/BsiWjIfFYHR/,
https://www.instagram.com/p/BsiXF9mAqkF/,
https://www.instagram.com/p/BsiXFeRH5cy/,
https://www.instagram.com/p/BsiUD8zlziL/,
https://www.instagram.com/p/BsiXX-ogFY2/,
https://www.instagram.com/p/BsiWhEHAq4W/,
https://www.instagram.com/p/BsiW3TxABN7/,
https://www.instagram.com/p/BsiXfQuFe7y/,
https://www.instagram.com/p/BsiW4sbnkrb/,
https://www.instagram.com/p/BsiXVvonhDo/,
https://www.instagram.com/p/BsiWu03hY_-/,
https://www.instagram.com/p/BsiNzEElRlP/,
https://www.instagram.com/p/BsiWxZjha0Z/,
https://www.instagram.com/p/BsiW16bFsuB/,
https://www.instagram.com/p/BsiXCOOAu6o/,
https://www.instagram.com/p/BsiWqmMBgaS/,
https://www.instagram.com/p/BsiXPsUgKNz/,
https://www.instagram.com/p/BsiW4e9nCiQ/,
https://www.instagram.com/p/BshyfIBhd9q/,
https://www.instagram.com/p/BsiWtUDALJI/,
https://www.instagram.com/p/BsiWmhzBjve/,
https://www.instagram.com/p/BsiXELQHjj-/,
https://www.instagram.com/p/BsiW24ZA4S9/,
https://www.instagram.com/p/BshmSaABHSK/,
https://www.instagram.com/p/BsiXgKHnQ8x/,
https://www.instagram.com/p/BsiWpo1ASdO/,
https://www.instagram.com/p/BsiHPi0BwHM/,
https://www.instagram.com/p/BsiXaLHBh0k/,
https://www.instagram.com/p/BsiWqDWHvzf/,
https://www.instagram.com/p/BsiXEAJAWWB/,
https://www.instagram.com/p/BsiRVDPhWT5/,
https://www.instagram.com/p/BsiWtxYhLNQ/,
https://www.instagram.com/p/BsiXbELgT8B/,
https://www.instagram.com/p/BsiXNd0B6Pn/,
https://www.instagram.com/p/BsiW1jSgnuU/,
https://www.instagram.com/p/BsiXiawgjrr/,
https://www.instagram.com/p/BsiWFqcHq87/,
https://www.instagram.com/p/BsiXAWVArK0/,
https://www.instagram.com/p/BsiXeoAHuVh/,
https://www.instagram.com/p/BsiXYGcjmSZ/,
https://www.instagram.com/p/BsiXYhwA34r/,
https://www.instagram.com/p/BcCdIXThJn-/,
https://www.instagram.com/p/BsiXT8Nh_Hs/,
https://www.instagram.com/p/BsiWqRZgwHl/,
https://www.instagram.com/p/BsiXgtGndV7/,
https://www.instagram.com/p/BsiXeecgOWR/,
https://www.instagram.com/p/BsiWwOcDcsO/,
https://www.instagram.com/p/BsgSBtQBljZ/,
https://www.instagram.com/p/Bshmg8nnCzd/,
https://www.instagram.com/p/BsiXXTeg7ds/,
https://www.instagram.com/p/BsiWtQFFbtH/,
https://www.instagram.com/p/BsiXjM5BpW4/,
https://www.instagram.com/p/BhrWqgwHnxM/,
https://www.instagram.com/p/BsiW5_jDN-n/,
https://www.instagram.com/p/BsiXCjin8ur/,
https://www.instagram.com/p/BsiXCbegqVt/,
https://www.instagram.com/p/BsiXM0KnjAZ/,
https://www.instagram.com/p/BsiXEIhAxsz/,
https://www.instagram.com/p/BsiXI6YhQvn/,
https://www.instagram.com/p/BsiXezNBkAJ/,
https://www.instagram.com/p/BsiXD0Zlbdz/,
https://www.instagram.com/p/BsiXieVgHkV/,
https://www.instagram.com/p/BsiWYoXHvdz/,
https://www.instagram.com/p/BsiW4dQAh9H/,
https://www.instagram.com/p/BsiW2gfnHVE/,
https://www.instagram.com/p/BsiWwyjhdui/,
https://www.instagram.com/p/BsiW46ohZ5d/,
https://www.instagram.com/p/BsiXeyiFQfs/,
https://www.instagram.com/p/BsiXEgkAZke/,
https://www.instagram.com/p/BsiXidwnImq/,
https://www.instagram.com/p/BsiXH2lgf6y/,
https://www.instagram.com/p/BsiXOraA-7L/,
https://www.instagram.com/p/BshlmkkBcz-/,
https://www.instagram.com/p/BsiWwfAAo8b/,
https://www.instagram.com/p/BsiW6c2lnIP/,
https://www.instagram.com/p/BsiXjN5A4k0/,
https://www.instagram.com/p/BsiW71agsre/,
https://www.instagram.com/p/BsiW5kLhn3M/,
https://www.instagram.com/p/BsiWc1ZgU6Z/,
https://www.instagram.com/p/BsiXPsfB8Sj/,
https://www.instagram.com/p/BsiWtgMg-S2/,
https://www.instagram.com/p/BsiXesDAggP/,
https://www.instagram.com/p/BsiW_mmhWOu/,
https://www.instagram.com/p/BdRrz8DBeQx/,
https://www.instagram.com/p/BsiWu_Ol5yZ/,
https://www.instagram.com/p/BsiWyuqn0Ol/,
https://www.instagram.com/p/BsiXMWiF7Z7/,
https://www.instagram.com/p/BshmAUsBglw/,
https://www.instagram.com/p/BsiW4Qah2yb/,
https://www.instagram.com/p/BsiW5-zlJOl/,
https://www.instagram.com/p/BshiSaWHlmN/,
https://www.instagram.com/p/BsiT5mSH_mA/,
https://www.instagram.com/p/BsiXbLOlll6/,
https://www.instagram.com/p/BsiWrlIBilX/,
https://www.instagram.com/p/BsiW3ZbAoTm/,
https://www.instagram.com/p/BsiWm50AJsF/,
https://www.instagram.com/p/BsiXflAheqo/,
https://www.instagram.com/p/BsiXUoEH0QZ/,
https://www.instagram.com/p/BsiW3h6Be19/,
https://www.instagram.com/p/BsiXNFhATYK/,
https://www.instagram.com/p/Bsh52xLAIGF/,
https://www.instagram.com/p/Bshlws8h4dF/,
https://www.instagram.com/p/Bsh_hTuD0Av/,
https://www.instagram.com/p/BsiXZlBBlVx/,
https://www.instagram.com/p/BsiWKCjjO2M/,
https://www.instagram.com/p/BshkW8dBWMp/,
https://www.instagram.com/p/BsiXIZDlxyP/,
https://www.instagram.com/p/Brx0I92HjmQ/,
https://www.instagram.com/p/BsiXcGRh9g6/,
https://www.instagram.com/p/Bb7F8sEhy_Q/,
https://www.instagram.com/p/BsiXCiAA2a4/,
https://www.instagram.com/p/BsiXl0CHTIK/,
https://www.instagram.com/p/BsiXXKCBk-L/,
https://www.instagram.com/p/BsiWz3jAJG7/,
https://www.instagram.com/p/BsiW82wgqa3/,
https://www.instagram.com/p/BshoyCmnc40/,
https://www.instagram.com/p/Bsc2cQQh9J2/,
https://www.instagram.com/p/BsiXSerjZWt/,
https://www.instagram.com/p/BsiWjdYniMd/,
https://www.instagram.com/p/Bl8QIOjArXB/,
https://www.instagram.com/p/BsiWw48l3XP/,
https://www.instagram.com/p/BshJMfDnYDY/,
https://www.instagram.com/p/BsiXGQnhqZo/,
https://www.instagram.com/p/BsiXf1YBKGJ/,
https://www.instagram.com/p/BsiXaCPHB8x/,
