https://www.instagram.com/p/BsiXTe8DL37/,
https://www.instagram.com/p/BsKyzvNAY5p/,
https://www.instagram.com/p/BsiKUe9ADLw/,
https://www.instagram.com/p/BsiXZYklbSY/,
https://www.instagram.com/p/BsiXlIZAU_q/,
https://www.instagram.com/p/BsiXYunlELZ/,
https://www.instagram.com/p/BsiXVnMHscU/,
https://www.instagram.com/p/BsiXQoyhM_N/,
https://www.instagram.com/p/BsiW3v6BrSJ/,
https://www.instagram.com/p/BsiXR0OnhjU/,
https://www.instagram.com/p/BsiXXuCl-el/,
https://www.instagram.com/p/BsiXOm_n8Or/,
https://www.instagram.com/p/BsiXVgdHPTk/,
https://www.instagram.com/p/BsiXjk8lZ_z/,
https://www.instagram.com/p/BsiTBVJlKug/,
https://www.instagram.com/p/BsiXjaynRuT/,
https://www.instagram.com/p/BsiXawRhYgL/,
https://www.instagram.com/p/BsiXpo2FIs_/,
https://www.instagram.com/p/BsiXeuAHqPx/,
https://www.instagram.com/p/BsYgg7sBRKK/,
https://www.instagram.com/p/BsaNZqDAzls/,
https://www.instagram.com/p/BsiBv24HPC8/,
https://www.instagram.com/p/BsiXb_JAxQW/,
https://www.instagram.com/p/BsiWVvYAOhA/,
https://www.instagram.com/p/BsiXTn7nD27/,
https://www.instagram.com/p/BsiGl6jAEEm/,
https://www.instagram.com/p/BsiXiiIHc1r/,
https://www.instagram.com/p/BsiW-GUHF7m/,
https://www.instagram.com/p/BsiXdI4DGYp/,
https://www.instagram.com/p/BsQ9o7uhqvC/,
https://www.instagram.com/p/BsiXrV7A55j/,
https://www.instagram.com/p/BsiXloMgArE/,
https://www.instagram.com/p/BsiXZP3lHGm/,
https://www.instagram.com/p/BsiXVacDrKh/,
https://www.instagram.com/p/BsiPBgwFHai/,
https://www.instagram.com/p/BsiXlfDHtRz/,
https://www.instagram.com/p/BsiWuctAX9L/,
https://www.instagram.com/p/BsiXg5lBu1t/,
https://www.instagram.com/p/BsKPUovgyzN/,
https://www.instagram.com/p/BsiXEJLnsOk/,
https://www.instagram.com/p/BsiXlxdhSd2/,
https://www.instagram.com/p/BsiXa8fnA54/,
https://www.instagram.com/p/BsiTtMRhwtX/,
https://www.instagram.com/p/BsiXRMqj4Ao/,
https://www.instagram.com/p/BsiXWd3HDcT/,
https://www.instagram.com/p/BsaZ9EtljZO/,
https://www.instagram.com/p/BsiXeupnrj8/,
https://www.instagram.com/p/BsLRFW7A_oU/,
https://www.instagram.com/p/BsiXapZAxAm/,
https://www.instagram.com/p/BsiXfZ1FCGn/,
https://www.instagram.com/p/BsiXi8JlJpb/,
https://www.instagram.com/p/BsiXRTBnLYL/,
https://www.instagram.com/p/BsiXppHFhX4/,
https://www.instagram.com/p/BrVdk1lhz-y/,
https://www.instagram.com/p/BsiXZX2nE4f/,
https://www.instagram.com/p/BsiXn1zBJEO/,
https://www.instagram.com/p/BsiXiqlF3SN/,
https://www.instagram.com/p/BsiXdZ3hv_2/,
https://www.instagram.com/p/BsiXj3BF0mJ/,
https://www.instagram.com/p/BsiXeoAHuVh/,
https://www.instagram.com/p/BsiXhkwhlpT/,
https://www.instagram.com/p/BsiXhbildFi/,
https://www.instagram.com/p/BsiXUAGAqf2/,
https://www.instagram.com/p/BsiXsdElXd8/,
https://www.instagram.com/p/BsiXPublDgj/,
https://www.instagram.com/p/BsiXrK6gT0f/,
https://www.instagram.com/p/BsiWnx3l8A9/,
https://www.instagram.com/p/BsiXePYHe9l/,
https://www.instagram.com/p/BsiE0nlHojS/,
https://www.instagram.com/p/BPFwHpIAp40/,
https://www.instagram.com/p/BsiXYR9DeWN/,
https://www.instagram.com/p/BsiXgMwn-yd/,
https://www.instagram.com/p/BsiM-xPBWBm/,
https://www.instagram.com/p/BsiXot8na3U/,
https://www.instagram.com/p/BsiXnUPHAbF/,
https://www.instagram.com/p/BsiW5dThAYs/,
https://www.instagram.com/p/BsiXXPyHOfn/,
https://www.instagram.com/p/BsiXWaknbrw/,
https://www.instagram.com/p/BsiXfK9Fovf/,
https://www.instagram.com/p/BsghAR1g3Li/,
https://www.instagram.com/p/BsiXrAOghv3/,
https://www.instagram.com/p/BsiXhz9nfrD/,
https://www.instagram.com/p/BsiXpjulRQ4/,
https://www.instagram.com/p/BsiXSenHV3w/,
https://www.instagram.com/p/Bsh_jC3nUmO/,
https://www.instagram.com/p/BsiXPATgty7/,
https://www.instagram.com/p/BsiXOE1HsEr/,
https://www.instagram.com/p/Bsh_oduhzpG/,
https://www.instagram.com/p/BsiXrR_nzHd/,
https://www.instagram.com/p/BsiXXESFwJe/,
https://www.instagram.com/p/BsiXgXtnH3r/,
https://www.instagram.com/p/BsiXSwthKUP/,
https://www.instagram.com/p/BsiXWCnnfBK/,
https://www.instagram.com/p/Bk0eaQYDS3y/,
https://www.instagram.com/p/BsiXdvRnPXv/,
https://www.instagram.com/p/BsiXc1zlHgP/,
https://www.instagram.com/p/BsiXTO-BtqA/,
https://www.instagram.com/p/BpbmqrQHFIK/,
https://www.instagram.com/p/BsiXarshKnJ/,
https://www.instagram.com/p/BsiWzZ3BKTI/,
https://www.instagram.com/p/BsiXaWxF-ld/,
https://www.instagram.com/p/BsiNoK5nq6V/,
https://www.instagram.com/p/BjuWTt2nDZF/,
https://www.instagram.com/p/BsiXkI3nrw1/,
https://www.instagram.com/p/BsKyG2ZA_JF/,
https://www.instagram.com/p/BrxnZn5lfl1/,
https://www.instagram.com/p/BsUbXPaAFv9/,
https://www.instagram.com/p/Bjv2w-nHmvD/,
https://www.instagram.com/p/BsiXRBYA-oq/,
https://www.instagram.com/p/BsiXqWvAWR4/,
https://www.instagram.com/p/BsiXjX5nmf2/,
https://www.instagram.com/p/BsiXU1cl7Pi/,
https://www.instagram.com/p/Bsh-YVOHQTg/,
https://www.instagram.com/p/BsiXYtxBOpv/,
https://www.instagram.com/p/BsiXsVdDihP/,
https://www.instagram.com/p/BpckokTnmrh/,
https://www.instagram.com/p/BsQoBmnhUWI/,
https://www.instagram.com/p/BshzH9EhVbm/,
https://www.instagram.com/p/BsiXi_4lGcq/,
https://www.instagram.com/p/BsiW6PlBBmG/,
https://www.instagram.com/p/BsiWlDMBy2I/,
https://www.instagram.com/p/BsiXb3GHOzI/,
https://www.instagram.com/p/BsiXkt_Hqax/,
https://www.instagram.com/p/BsiXqmTn-3-/,
https://www.instagram.com/p/BsiXQpEAf9d/,
https://www.instagram.com/p/BjwlqklnO2l/,
https://www.instagram.com/p/BsiXWSag5AB/,
https://www.instagram.com/p/BsiXnp1lxy6/,
https://www.instagram.com/p/BsiXddVFHyc/,
https://www.instagram.com/p/BsiXXs0griJ/,
https://www.instagram.com/p/BsiXkATng-5/,
https://www.instagram.com/p/BsiXPKvDJzT/,
https://www.instagram.com/p/BsiXrbBlphr/,
https://www.instagram.com/p/BsiXPCNHLG4/,
https://www.instagram.com/p/BsiXNHfgUx7/,
https://www.instagram.com/p/BsiXGqun1u4/,
https://www.instagram.com/p/BsiXdcHH2eZ/,
https://www.instagram.com/p/BSRPNnjB9pm/,
https://www.instagram.com/p/BsiXeTDlv_I/,
https://www.instagram.com/p/BsiXmI_gTiL/,
https://www.instagram.com/p/BsiXUbJFLP5/,
https://www.instagram.com/p/BsiEBCNgUVY/,
https://www.instagram.com/p/BsiEBGggj6M/,
https://www.instagram.com/p/BsiXb8ggob-/,
https://www.instagram.com/p/BsiXq1fHHM5/,
https://www.instagram.com/p/BsiXTvglEZZ/,
https://www.instagram.com/p/BsDX2-cFVJt/,
https://www.instagram.com/p/BsiWLE9APDQ/,
https://www.instagram.com/p/BsiXfQohEj6/,
https://www.instagram.com/p/BsaeshGF3kO/,
https://www.instagram.com/p/BsiXidABjq_/,
https://www.instagram.com/p/BsiDHJTHw99/,
https://www.instagram.com/p/BsiXey0BJPO/,
